suburb_id,suburb,post,industry,count
id,suburb,0,Coffee shop,0
1,Abbotsbury,2176,Coffee shop,3
2,Abbotsford,2046,Coffee shop,3
3,Abercrombie,2795,Coffee shop,0
4,Aberdare,2325,Coffee shop,0
5,Aberdeen,2336,Coffee shop,1
6,Aberglasslyn,2320,Coffee shop,1
7,Abermain,2326,Coffee shop,0
8,Abernethy,2325,Coffee shop,0
9,Acacia Creek,2476,Coffee shop,0
10,Acacia Gardens,2763,Coffee shop,0
11,Adaminaby,2629,Coffee shop,2
12,Adamstown,2289,Coffee shop,10
13,Adamstown Heights,2289,Coffee shop,0
14,Adelong,2729,Coffee shop,1
15,Agnes Banks,2753,Coffee shop,0
16,Airds,2560,Coffee shop,0
17,Albion Park,2527,Coffee shop,9
18,Albion Park Rail,2527,Coffee shop,4
19,Albury,2640,Coffee shop,44
20,Aldavilla,2440,Coffee shop,0
21,Alectown,2870,Coffee shop,0
22,Alexandria,2015,Coffee shop,40
23,Alfords Point,2234,Coffee shop,0
24,Alison,2420,Coffee shop,0
25,Allambie Heights,2100,Coffee shop,4
26,Allawah,2218,Coffee shop,1
27,Allworth,2425,Coffee shop,0
28,Alpine,2575,Coffee shop,0
29,Alstonville,2477,Coffee shop,6
30,Ambarvale,2560,Coffee shop,2
31,Anglers Reach,2629,Coffee shop,0
32,Angourie,2464,Coffee shop,0
33,Anna Bay,2316,Coffee shop,4
34,Annandale,2038,Coffee shop,15
35,Annangrove,2156,Coffee shop,2
36,Appin,2560,Coffee shop,2
37,Apple Tree Flat,2850,Coffee shop,0
38,Arakoon,2431,Coffee shop,1
39,Arcadia,2159,Coffee shop,1
40,Arcadia Vale,2283,Coffee shop,0
41,Ardlethan,2665,Coffee shop,2
42,Argenton,2284,Coffee shop,1
43,Ariah Park,2665,Coffee shop,1
44,Armatree,2831,Coffee shop,0
45,Armidale,2350,Coffee shop,36
46,Arncliffe,2205,Coffee shop,5
47,Arndell Park,2148,Coffee shop,7
48,Arrawarra,2456,Coffee shop,1
49,Arrawarra Headland,2456,Coffee shop,0
50,Artarmon,2064,Coffee shop,18
51,Ashbury,2193,Coffee shop,2
52,Ashcroft,2168,Coffee shop,0
53,Ashfield,2131,Coffee shop,23
54,Ashley,2400,Coffee shop,0
55,Ashmont,2650,Coffee shop,1
56,Ashtonfield,2323,Coffee shop,1
57,Asquith,2077,Coffee shop,2
58,Auburn,2144,Coffee shop,25
59,Austinmer,2515,Coffee shop,3
60,Austral,2179,Coffee shop,1
62,Avalon Beach,2107,Coffee shop,15
63,Avoca Beach,2251,Coffee shop,9
64,Avondale,2530,Coffee shop,0
65,Avonside,2628,Coffee shop,0
66,Awaba,2283,Coffee shop,0
67,Baan Baa,2390,Coffee shop,0
68,Badgerys Creek,2555,Coffee shop,0
69,Balaclava,2575,Coffee shop,0
70,Balcolyn,2264,Coffee shop,0
71,Balgowlah,2093,Coffee shop,13
72,Balgowlah Heights,2093,Coffee shop,3
73,Balgownie,2519,Coffee shop,3
74,Ballina,2478,Coffee shop,32
75,Balmain,2041,Coffee shop,25
76,Balmain East,2041,Coffee shop,2
77,Bangalee,2541,Coffee shop,1
78,Bangalow,2479,Coffee shop,7
79,Bangor,2234,Coffee shop,1
80,Banksia,2216,Coffee shop,4
81,Banksmeadow,2019,Coffee shop,5
82,Bankstown,2200,Coffee shop,53
83,Bankstown Aerodrome,2200,Coffee shop,1
84,Banora Point,2486,Coffee shop,3
85,Bar Beach,2300,Coffee shop,2
86,Baradine,2396,Coffee shop,1
87,Barangaroo,2000,Coffee shop,17
88,Barden Ridge,2234,Coffee shop,0
89,Bardia,2565,Coffee shop,0
90,Bardwell Park,2207,Coffee shop,2
91,Bardwell Valley,2207,Coffee shop,0
92,Barellan,2665,Coffee shop,1
93,Bargo,2574,Coffee shop,0
94,Barham,2732,Coffee shop,2
95,Barmedman,2668,Coffee shop,1
96,Barnsley,2278,Coffee shop,0
97,Barraba,2347,Coffee shop,3
98,Barrack Heights,2528,Coffee shop,0
99,Barrack Point,2528,Coffee shop,0
100,Barrengarry,2577,Coffee shop,2
101,Barry,2799,Coffee shop,0
102,Basin View,2540,Coffee shop,1
103,Bass Hill,2197,Coffee shop,6
104,Bateau Bay,2261,Coffee shop,7
105,Batehaven,2536,Coffee shop,2
106,Batemans Bay,2536,Coffee shop,21
107,Bathurst,2795,Coffee shop,33
108,Batlow,2730,Coffee shop,3
109,Baulkham Hills,2153,Coffee shop,22
110,Bawley Point,2539,Coffee shop,1
111,Bayview,2104,Coffee shop,1
112,Beacon Hill,2100,Coffee shop,1
113,Beaconsfield,2015,Coffee shop,0
114,Beaumont Hills,2155,Coffee shop,1
115,Beckom,2665,Coffee shop,0
116,Beechwood,2446,Coffee shop,0
117,Beecroft,2119,Coffee shop,10
118,Beecroft Peninsula,2540,Coffee shop,0
119,Beelbangera,2680,Coffee shop,0
120,Bega,2550,Coffee shop,9
121,Belbora,2422,Coffee shop,0
122,Belfield,2191,Coffee shop,2
123,Belford,2335,Coffee shop,0
124,Belimbla Park,2570,Coffee shop,0
125,Bell,2786,Coffee shop,0
126,Bella Vista,2153,Coffee shop,18
127,Bellambi,2518,Coffee shop,2
128,Bellata,2397,Coffee shop,0
129,Bellawongarah,2535,Coffee shop,0
130,Bellbird,2325,Coffee shop,0
131,Bellbird Heights,2325,Coffee shop,0
132,Bellbrook,2440,Coffee shop,0
133,Bellevue Hill,2023,Coffee shop,5
134,Bellingen,2454,Coffee shop,12
135,Belmont,2280,Coffee shop,8
136,Belmont North,2280,Coffee shop,1
137,Belmont South,2280,Coffee shop,1
138,Belmore,2192,Coffee shop,9
139,Belrose,2085,Coffee shop,9
140,Bemboka,2550,Coffee shop,2
141,Ben Bullen,2790,Coffee shop,0
142,Benandarah,2536,Coffee shop,0
143,Bendalong,2539,Coffee shop,0
144,Bendemeer,2355,Coffee shop,1
145,Bendick Murrell,2803,Coffee shop,0
146,Benerembah,2680,Coffee shop,0
147,Bennetts Green,2290,Coffee shop,2
148,Bensville,2251,Coffee shop,1
149,Berala,2141,Coffee shop,4
150,Berambing,2758,Coffee shop,1
151,Beresfield,2322,Coffee shop,3
152,Bergalia,2537,Coffee shop,0
153,Berkeley,2506,Coffee shop,1
154,Berkeley Vale,2261,Coffee shop,5
155,Berkshire Park,2765,Coffee shop,0
156,Bermagui,2546,Coffee shop,11
157,Berowra,2081,Coffee shop,1
158,Berowra Creek,2082,Coffee shop,0
159,Berowra Heights,2082,Coffee shop,3
160,Berowra Waters,2082,Coffee shop,1
161,Berrara,2540,Coffee shop,0
162,Berridale,2628,Coffee shop,1
163,Berrigan,2712,Coffee shop,2
164,Berrilee,2159,Coffee shop,0
165,Berrima,2577,Coffee shop,9
166,Berry,2535,Coffee shop,15
167,Bethungra,2590,Coffee shop,1
168,Beverley Park,2217,Coffee shop,0
169,Beverly Hills,2209,Coffee shop,5
170,Bewong,2540,Coffee shop,1
171,Bexley,2207,Coffee shop,8
172,Bexley North,2207,Coffee shop,5
173,Bibbenluke,2632,Coffee shop,0
174,Bickley Vale,2570,Coffee shop,0
175,Bidwill,2770,Coffee shop,1
176,Bigga,2583,Coffee shop,0
177,Bilambil,2486,Coffee shop,0
178,Bilambil Heights,2486,Coffee shop,1
179,Bilbul,2680,Coffee shop,0
181,Bilgola Beach,2107,Coffee shop,1
182,Bilgola Plateau,2107,Coffee shop,1
183,Billimari,2804,Coffee shop,0
184,Billinudgel,2483,Coffee shop,1
185,Bilpin,2758,Coffee shop,5
186,Binalong,2584,Coffee shop,1
187,Bingara,2404,Coffee shop,1
188,Biniguy,2399,Coffee shop,0
189,Binnaway,2395,Coffee shop,1
190,Binya,2665,Coffee shop,0
191,Birchgrove,2041,Coffee shop,2
192,Birmingham Gardens,2287,Coffee shop,0
193,Birrong,2143,Coffee shop,1
194,Black Head,2430,Coffee shop,1
195,Black Hill,2322,Coffee shop,0
196,Black Springs,2787,Coffee shop,0
197,Blackalls Park,2283,Coffee shop,0
198,Blackbutt,2529,Coffee shop,0
199,Blackett,2770,Coffee shop,0
200,Blackheath,2785,Coffee shop,9
201,Blackmans Flat,2790,Coffee shop,0
202,Blackmans Point,2444,Coffee shop,1
203,Blacksmiths,2281,Coffee shop,3
204,Blacktown,2148,Coffee shop,35
205,Blackwall,2256,Coffee shop,1
206,Blair Athol,2560,Coffee shop,0
207,Blairmount,2559,Coffee shop,0
208,Blakebrook,2480,Coffee shop,0
209,Blakehurst,2221,Coffee shop,1
210,Blaxland,2774,Coffee shop,4
211,Blayney,2799,Coffee shop,2
212,Bligh Park,2756,Coffee shop,1
213,Blighty,2713,Coffee shop,0
214,Blue Bay,2261,Coffee shop,1
215,Blue Haven,2262,Coffee shop,0
216,Blue Knob,2480,Coffee shop,1
217,Blueys Beach,2428,Coffee shop,3
218,Boambee,2450,Coffee shop,1
219,Boambee East,2452,Coffee shop,1
220,Boat Harbour,2484,Coffee shop,0
221,Bobs Farm,2316,Coffee shop,2
222,Bodalla,2545,Coffee shop,3
223,Bogan Gate,2876,Coffee shop,1
224,Bogangar,2488,Coffee shop,4
225,Boggabilla,2409,Coffee shop,1
226,Boggabri,2382,Coffee shop,2
227,Bohena Creek,2390,Coffee shop,0
228,Bolivia,2372,Coffee shop,0
229,Bolton Point,2283,Coffee shop,0
230,Bolwarra,2320,Coffee shop,1
231,Bolwarra Heights,2320,Coffee shop,0
232,Bomaderry,2541,Coffee shop,5
233,Bombala,2632,Coffee shop,1
234,Bombira,2850,Coffee shop,0
235,Bombo,2533,Coffee shop,0
236,Bomen,2650,Coffee shop,1
237,Bonalbo,2469,Coffee shop,0
238,Bondi,2026,Coffee shop,9
239,Bondi Beach,2026,Coffee shop,34
240,Bondi Junction,2022,Coffee shop,49
241,Bonnells Bay,2264,Coffee shop,2
242,Bonnet Bay,2226,Coffee shop,1
243,Bonny Hills,2445,Coffee shop,3
244,Bonnyrigg,2177,Coffee shop,7
245,Bonnyrigg Heights,2177,Coffee shop,2
246,Bonville,2450,Coffee shop,2
247,Booker Bay,2257,Coffee shop,0
248,Boolaroo,2284,Coffee shop,1
249,Boomerang Beach,2428,Coffee shop,1
250,Booragul,2284,Coffee shop,1
251,Booral,2425,Coffee shop,1
252,Boorooma,2832,Coffee shop,0
253,Boorowa,2586,Coffee shop,4
254,Boree Creek,2652,Coffee shop,0
255,Borenore,2800,Coffee shop,0
256,Bossley Park,2176,Coffee shop,2
257,Bostobrick,2453,Coffee shop,0
258,Botany,2019,Coffee shop,13
259,Bouddi,2251,Coffee shop,0
260,Bourke,2840,Coffee shop,0
261,Bourkelands,2650,Coffee shop,0
262,Bournda,2550,Coffee shop,0
263,Bow Bowing,2566,Coffee shop,0
264,Bowen Mountain,2753,Coffee shop,0
265,Bowenfels,2790,Coffee shop,1
266,Bowning,2582,Coffee shop,1
267,Bowral,2576,Coffee shop,32
268,Bowraville,2449,Coffee shop,2
269,Box Hill,2765,Coffee shop,0
270,Bradbury,2560,Coffee shop,0
271,Braemar,2575,Coffee shop,0
272,Braidwood,2622,Coffee shop,10
273,Brandy Hill,2324,Coffee shop,0
274,Branxton,2335,Coffee shop,1
275,Breadalbane,2581,Coffee shop,0
276,Breakfast Point,2137,Coffee shop,2
277,Bredbo,2626,Coffee shop,2
278,Brewarrina,2839,Coffee shop,0
279,Brewongle,2795,Coffee shop,0
280,Bribbaree,2594,Coffee shop,0
281,Bridgman,2330,Coffee shop,0
282,Brightwaters,2264,Coffee shop,0
283,Bringelly,2556,Coffee shop,1
284,Broadmeadow,2292,Coffee shop,4
285,Broadwater,2549,Coffee shop,1
286,Brocklehurst,2830,Coffee shop,0
287,Brogans Creek,2848,Coffee shop,0
288,Brogo,2550,Coffee shop,0
289,Broke,2330,Coffee shop,3
290,Broken Head,2481,Coffee shop,0
291,Broken Hill,2880,Coffee shop,0
292,Bronte,2024,Coffee shop,12
293,Brooklyn,2083,Coffee shop,2
294,Brookvale,2100,Coffee shop,35
295,Broulee,2537,Coffee shop,2
296,Brownlow Hill,2570,Coffee shop,1
297,Brownsville,2530,Coffee shop,1
298,Brucedale,2650,Coffee shop,0
299,Brundee,2540,Coffee shop,0
300,Brunswick Heads,2483,Coffee shop,11
301,Bucca,2450,Coffee shop,0
302,Buchanan,2323,Coffee shop,0
303,Buckajo,2550,Coffee shop,0
304,Buddabadah,2825,Coffee shop,0
305,Budgee Budgee,2850,Coffee shop,0
306,Budgewoi,2262,Coffee shop,6
307,Buff Point,2262,Coffee shop,0
308,Bugaldie,2357,Coffee shop,0
309,Bulahdelah,2423,Coffee shop,5
310,Bulga,2330,Coffee shop,1
311,Bullaburra,2784,Coffee shop,0
312,Bullarah,2400,Coffee shop,1
313,Bulli,2516,Coffee shop,6
314,Bulliac,2422,Coffee shop,0
315,Bumbaldry,2794,Coffee shop,0
316,Bundagen,2454,Coffee shop,0
317,Bundanoon,2578,Coffee shop,4
318,Bundarra,2359,Coffee shop,1
319,Bundeena,2230,Coffee shop,3
320,Bundook,2422,Coffee shop,0
321,Bungarribee,2767,Coffee shop,0
322,Bungendore,2621,Coffee shop,7
323,Bungonia,2580,Coffee shop,0
324,Bungwahl,2423,Coffee shop,0
325,Buronga,2739,Coffee shop,0
326,Burraboi,2732,Coffee shop,0
327,Burradoo,2576,Coffee shop,0
328,Burraneer,2230,Coffee shop,2
329,Burrawang,2577,Coffee shop,1
330,Burrell Creek,2429,Coffee shop,0
331,Burren Junction,2386,Coffee shop,0
332,Burrill Lake,2539,Coffee shop,2
333,Burringbar,2483,Coffee shop,1
334,Burrundulla,2850,Coffee shop,1
335,Burwood,2134,Coffee shop,41
336,Burwood Heights,2136,Coffee shop,0
337,Busby,2168,Coffee shop,0
338,Bushells Ridge,2259,Coffee shop,0
339,Buttaba,2283,Coffee shop,0
340,Buttai,2323,Coffee shop,0
341,Buxton,2571,Coffee shop,0
342,Byabarra,2446,Coffee shop,1
343,Bylong,2849,Coffee shop,1
344,Byron Bay,2481,Coffee shop,52
345,Bywong,2621,Coffee shop,1
346,Cabarita,2137,Coffee shop,1
347,Cabarita Beach,2488,Coffee shop,4
348,Cabramatta,2166,Coffee shop,29
349,Cabramatta West,2166,Coffee shop,1
350,Cabramurra,2629,Coffee shop,1
351,Caddens,2747,Coffee shop,1
352,Calala,2340,Coffee shop,1
353,Calderwood,2527,Coffee shop,1
354,Caldwell,2710,Coffee shop,0
355,Calga,2250,Coffee shop,0
356,Callaghan,2308,Coffee shop,4
357,Callala Bay,2540,Coffee shop,2
358,Callala Beach,2540,Coffee shop,1
359,Cambewarra,2540,Coffee shop,0
360,Cambewarra Village,2540,Coffee shop,0
361,Cambridge Gardens,2747,Coffee shop,1
362,Cambridge Park,2747,Coffee shop,0
363,Camden,2570,Coffee shop,17
364,Camden Head,2443,Coffee shop,0
365,Camden Park,2570,Coffee shop,0
366,Camden South,2570,Coffee shop,0
367,Camellia,2142,Coffee shop,2
368,Cameron Park,2285,Coffee shop,1
369,Cammeray,2062,Coffee shop,5
370,Campbelltown,2560,Coffee shop,50
371,Camperdown,2050,Coffee shop,10
372,Campsie,2194,Coffee shop,21
373,Campvale,2318,Coffee shop,0
374,Cams Wharf,2281,Coffee shop,1
375,Canada Bay,2046,Coffee shop,0
376,Canadian Lead,2850,Coffee shop,0
377,Candelo,2550,Coffee shop,1
378,Cangai,2460,Coffee shop,0
379,Canley Heights,2166,Coffee shop,10
380,Canley Vale,2166,Coffee shop,4
381,Canobolas,2800,Coffee shop,0
382,Canoelands,2157,Coffee shop,0
383,Canowindra,2804,Coffee shop,4
384,Canterbury,2193,Coffee shop,6
385,Canton Beach,2263,Coffee shop,1
386,Capertee,2846,Coffee shop,1
387,Captains Flat,2623,Coffee shop,0
388,Caragabal,2810,Coffee shop,0
389,Carcoar,2791,Coffee shop,0
390,Cardiff,2285,Coffee shop,5
391,Cardiff Heights,2285,Coffee shop,0
392,Cardiff South,2285,Coffee shop,0
393,Carey Bay,2283,Coffee shop,1
394,Cargo,2800,Coffee shop,1
395,Caringbah,2229,Coffee shop,32
396,Caringbah South,2229,Coffee shop,2
397,Carlingford,2118,Coffee shop,13
398,Carlton,2218,Coffee shop,9
399,Carnes Hill,2171,Coffee shop,4
400,Carool,2486,Coffee shop,0
401,Caroona,2343,Coffee shop,0
402,Carramar,2163,Coffee shop,0
403,Carrington,2324,Coffee shop,3
404,Carroll,2340,Coffee shop,0
405,Carrs Creek,2460,Coffee shop,0
406,Carss Park,2221,Coffee shop,1
407,Cartwright,2168,Coffee shop,0
408,Cartwrights Hill,2650,Coffee shop,0
409,Carwoola,2620,Coffee shop,0
410,Casino,2470,Coffee shop,8
411,Cassilis,2329,Coffee shop,1
412,Castle Cove,2069,Coffee shop,1
413,Castle Doyle,2350,Coffee shop,1
414,Castle Hill,2154,Coffee shop,50
415,Castlecrag,2068,Coffee shop,2
416,Castlereagh,2749,Coffee shop,0
417,Casuarina,2487,Coffee shop,4
418,Casula,2170,Coffee shop,10
419,Catalina,2536,Coffee shop,0
420,Catherine Field,2557,Coffee shop,1
421,Catherine Hill Bay,2281,Coffee shop,1
422,Cathundral,2823,Coffee shop,0
423,Cattai,2756,Coffee shop,0
424,Caves Beach,2281,Coffee shop,2
425,Cawdor,2570,Coffee shop,0
426,Cawongla,2474,Coffee shop,1
427,Cecil Hills,2171,Coffee shop,1
428,Cecil Park,2178,Coffee shop,0
429,Centennial Park,2021,Coffee shop,4
430,Central Mangrove,2250,Coffee shop,0
431,Central Tilba,2546,Coffee shop,5
432,Cessnock,2325,Coffee shop,18
433,Chain Valley Bay,2259,Coffee shop,0
434,Chakola,2630,Coffee shop,0
435,Charbon,2848,Coffee shop,0
436,Charles Sturt University,2795,Coffee shop,1
437,Charlestown,2290,Coffee shop,22
438,Charlotte Bay,2428,Coffee shop,0
439,Charmhaven,2263,Coffee shop,2
440,Chatswood,2067,Coffee shop,57
441,Chatswood West,2067,Coffee shop,0
442,Chatsworth,2469,Coffee shop,0
443,Cheero Point,2083,Coffee shop,0
444,Cheltenham,2119,Coffee shop,1
445,Cherrybrook,2126,Coffee shop,7
446,Chester Hill,2162,Coffee shop,7
447,Chifley,2036,Coffee shop,0
448,Chilcotts Grass,2480,Coffee shop,0
449,Chillingham,2484,Coffee shop,0
450,Chinderah,2487,Coffee shop,9
451,Chippendale,2008,Coffee shop,28
452,Chipping Norton,2170,Coffee shop,9
453,Chisholm,2322,Coffee shop,1
454,Chiswick,2046,Coffee shop,2
455,Chittaway Bay,2261,Coffee shop,1
456,Chittaway Point,2261,Coffee shop,0
457,Chullora,2190,Coffee shop,6
458,Church Point,2105,Coffee shop,1
459,Clandulla,2848,Coffee shop,0
460,Claremont Meadows,2747,Coffee shop,0
461,Clarence,2790,Coffee shop,0
462,Clarence Town,2321,Coffee shop,2
463,Clarendon,2756,Coffee shop,2
464,Clarenza,2460,Coffee shop,1
465,Clareville,2107,Coffee shop,0
466,Claymore,2559,Coffee shop,0
467,Clearfield,2469,Coffee shop,0
468,Clemton Park,2206,Coffee shop,2
469,Clergate,2800,Coffee shop,0
470,Cliftleigh,2321,Coffee shop,0
471,Clifton,2515,Coffee shop,0
472,Clifton Grove,2800,Coffee shop,0
473,Clontarf,2093,Coffee shop,1
474,Clothiers Creek,2484,Coffee shop,0
475,Clovass,2480,Coffee shop,0
476,Clovelly,2031,Coffee shop,5
477,Clunes,2480,Coffee shop,0
478,Clyde,2142,Coffee shop,1
479,Coal Point,2283,Coffee shop,0
480,Coalcliff,2508,Coffee shop,0
481,Coasters Retreat,2108,Coffee shop,0
482,Cobar,2835,Coffee shop,0
483,Cobargo,2550,Coffee shop,3
484,Cobbadah,2347,Coffee shop,0
485,Cobbitty,2570,Coffee shop,1
486,Coffee Camp,2480,Coffee shop,0
487,Coffs Harbour,2450,Coffee shop,53
488,Coila,2537,Coffee shop,0
489,Colebee,2761,Coffee shop,2
490,Coledale,2515,Coffee shop,2
491,Collaroy,2097,Coffee shop,9
492,Collaroy Plateau,2097,Coffee shop,2
493,Collector,2581,Coffee shop,2
494,Collombatti,2440,Coffee shop,0
495,Colly Blue,2343,Coffee shop,0
496,Colo,2795,Coffee shop,1
497,Colo Vale,2575,Coffee shop,1
498,Colyton,2760,Coffee shop,0
499,Comberton,2540,Coffee shop,0
500,Comboyne,2429,Coffee shop,1
501,Como,2226,Coffee shop,3
502,Conargo,2710,Coffee shop,0
503,Concord,2137,Coffee shop,15
504,Concord West,2138,Coffee shop,7
505,Condell Park,2200,Coffee shop,3
506,Condobolin,2877,Coffee shop,0
507,Condong,2484,Coffee shop,0
508,Congarinni North,2447,Coffee shop,0
509,Coniston,2500,Coffee shop,2
510,Conjola,2539,Coffee shop,0
511,Conjola Park,2539,Coffee shop,0
512,Connells Point,2221,Coffee shop,0
513,Constitution Hill,2145,Coffee shop,1
514,Coogee,2034,Coffee shop,17
515,Cooks Hill,2300,Coffee shop,10
516,Coolac,2727,Coffee shop,1
517,Coolagolite,2550,Coffee shop,0
518,Coolah,2843,Coffee shop,2
519,Coolamon,2701,Coffee shop,3
520,Coolongolook,2423,Coffee shop,3
521,Cooma,2630,Coffee shop,15
522,Coomba Bay,2428,Coffee shop,0
523,Coomba Park,2428,Coffee shop,0
524,Coonabarabran,2357,Coffee shop,5
525,Coonamble,2829,Coffee shop,3
526,Coopernook,2426,Coffee shop,0
527,Coorabell,2479,Coffee shop,0
528,Cooranbong,2265,Coffee shop,3
529,Cootamundra,2590,Coffee shop,10
530,Cooyal,2850,Coffee shop,1
531,Copacabana,2251,Coffee shop,2
532,Copmanhurst,2460,Coffee shop,0
533,Coraki,2471,Coffee shop,1
534,Coramba,2450,Coffee shop,1
535,Cordeaux Heights,2526,Coffee shop,1
536,Corindi Beach,2456,Coffee shop,2
537,Corlette,2315,Coffee shop,0
538,Corney Town,2790,Coffee shop,0
539,Corowa,2646,Coffee shop,9
540,Corrimal,2518,Coffee shop,9
541,Corunna,2546,Coffee shop,0
542,Cottage Point,2084,Coffee shop,1
543,Couridjah,2571,Coffee shop,0
544,Coutts Crossing,2460,Coffee shop,0
545,Cowan,2081,Coffee shop,2
546,Cowra,2794,Coffee shop,10
547,Crackenback,2627,Coffee shop,2
548,Cranebrook,2749,Coffee shop,3
549,Crangan Bay,2259,Coffee shop,0
550,Craven,2422,Coffee shop,0
551,Cremorne,2090,Coffee shop,7
552,Cremorne Point,2090,Coffee shop,1
553,Crescent Head,2440,Coffee shop,6
554,Crestwood,2620,Coffee shop,0
555,Cringila,2502,Coffee shop,1
556,Cromer,2099,Coffee shop,5
557,Cronulla,2230,Coffee shop,34
558,Crookwell,2583,Coffee shop,3
559,Croudace Bay,2280,Coffee shop,0
560,Crowdy Head,2427,Coffee shop,1
561,Crows Nest,2065,Coffee shop,22
562,Crowther,2803,Coffee shop,0
563,Croydon,2132,Coffee shop,5
564,Croydon Park,2133,Coffee shop,3
565,Crystal Creek,2484,Coffee shop,1
566,Cudal,2864,Coffee shop,2
567,Cudgen,2487,Coffee shop,0
568,Cudmirrah,2540,Coffee shop,0
569,Culburra Beach,2540,Coffee shop,10
570,Culcairn,2660,Coffee shop,2
571,Cullen Bullen,2790,Coffee shop,0
572,Cullerin,2581,Coffee shop,0
573,Cumbalum,2478,Coffee shop,0
574,Cundletown,2430,Coffee shop,0
575,Cunjurong Point,2539,Coffee shop,1
576,Curl Curl,2096,Coffee shop,2
577,Curlwaa,2648,Coffee shop,1
578,Currabubula,2342,Coffee shop,1
579,Curramore,2533,Coffee shop,0
580,Currans Hill,2567,Coffee shop,0
581,Currarong,2540,Coffee shop,0
582,Currawong Beach,2108,Coffee shop,0
583,Daceyville,2032,Coffee shop,0
584,Dairymans Plains,2630,Coffee shop,0
585,Daleys Point,2257,Coffee shop,2
586,Dalgety,2628,Coffee shop,2
587,Dalmeny,2546,Coffee shop,1
588,Dandry,2357,Coffee shop,1
589,Dangar Island,2083,Coffee shop,1
590,Dapto,2530,Coffee shop,8
591,Darawank,2428,Coffee shop,3
592,Darbys Falls,2793,Coffee shop,0
593,Dareton,2717,Coffee shop,0
594,Dargan,2786,Coffee shop,1
595,Darkes Forest,2508,Coffee shop,0
596,Darling Point,2027,Coffee shop,2
597,Darlinghurst,2010,Coffee shop,33
598,Darlington,2330,Coffee shop,13
599,Daroobalgie,2870,Coffee shop,0
600,Davidson,2085,Coffee shop,1
601,Davistown,2251,Coffee shop,1
602,Dawes Point,2000,Coffee shop,2
603,Dean Park,2761,Coffee shop,1
604,Dee Why,2099,Coffee shop,24
605,Deep Creek,2469,Coffee shop,0
606,Deepwater,2371,Coffee shop,0
607,Delegate,2633,Coffee shop,1
608,Delungra,2403,Coffee shop,0
609,Denham Court,2565,Coffee shop,1
610,Deniliquin,2710,Coffee shop,8
611,Denistone,2114,Coffee shop,0
612,Denistone East,2112,Coffee shop,0
613,Denistone West,2114,Coffee shop,0
614,Denman,2328,Coffee shop,2
615,Derriwong,2877,Coffee shop,0
616,Deua,2537,Coffee shop,0
617,Dharruk,2770,Coffee shop,0
618,Dhuragoon,2733,Coffee shop,0
619,Diamond Beach,2430,Coffee shop,0
620,Dilkoon,2460,Coffee shop,0
621,Dirty Creek,2460,Coffee shop,0
622,Dolans Bay,2229,Coffee shop,0
623,Dolls Point,2219,Coffee shop,2
624,Doon Doon,2484,Coffee shop,0
625,Doonbah,2473,Coffee shop,0
626,Doonside,2767,Coffee shop,5
627,Dooralong,2259,Coffee shop,0
628,Dora Creek,2264,Coffee shop,0
629,Dorrigo,2453,Coffee shop,8
630,Dorroughby,2480,Coffee shop,0
631,Double Bay,2028,Coffee shop,28
632,Douglas Park,2569,Coffee shop,1
633,Dover Heights,2030,Coffee shop,1
634,Doyalson,2262,Coffee shop,0
635,Doyalson North,2262,Coffee shop,0
636,Drake Village,2469,Coffee shop,0
637,Drummoyne,2047,Coffee shop,21
638,Dubbo,2830,Coffee shop,52
639,Duckenfield,2321,Coffee shop,1
640,Dudley,2290,Coffee shop,1
641,Duffys Forest,2084,Coffee shop,0
642,Dulwich Hill,2203,Coffee shop,15
643,Dunbogan,2443,Coffee shop,1
644,Dundas,2117,Coffee shop,1
645,Dundas Valley,2117,Coffee shop,1
646,Dunedoo,2844,Coffee shop,3
647,Dungog,2420,Coffee shop,6
648,Dunkeld,2795,Coffee shop,0
649,Dunmore,2529,Coffee shop,0
650,Duns Creek,2321,Coffee shop,0
651,Dural,2330,Coffee shop,16
652,Duranbah,2487,Coffee shop,1
653,Duri,2344,Coffee shop,0
654,Durras North,2536,Coffee shop,1
655,Durren Durren,2259,Coffee shop,0
656,Dyers Crossing,2429,Coffee shop,0
657,Eagle Vale,2558,Coffee shop,3
658,Earlwood,2206,Coffee shop,10
659,East Albury,2640,Coffee shop,5
660,East Ballina,2478,Coffee shop,4
661,East Branxton,2335,Coffee shop,0
662,East Corrimal,2518,Coffee shop,3
663,East Gosford,2250,Coffee shop,6
664,East Gresford,2311,Coffee shop,2
665,East Hills,2213,Coffee shop,0
666,East Jindabyne,2627,Coffee shop,0
667,East Kangaloon,2576,Coffee shop,0
668,East Kempsey,2440,Coffee shop,1
669,East Killara,2071,Coffee shop,1
670,East Kurrajong,2758,Coffee shop,0
671,East Lindfield,2070,Coffee shop,1
672,East Lismore,2480,Coffee shop,2
673,East Lynne,2536,Coffee shop,0
674,East Maitland,2323,Coffee shop,23
675,East Ryde,2113,Coffee shop,1
676,East Tamworth,2340,Coffee shop,1
677,East Wagga Wagga,2650,Coffee shop,3
678,Eastern Creek,2766,Coffee shop,10
679,Eastgardens,2036,Coffee shop,11
680,Eastlakes,2018,Coffee shop,3
681,Eastwood,2122,Coffee shop,18
682,Eatonsville,2460,Coffee shop,0
683,Ebenezer,2756,Coffee shop,1
684,Ebor,2453,Coffee shop,1
685,Eden,2551,Coffee shop,5
686,Edensor Park,2176,Coffee shop,1
687,Edgecliff,2027,Coffee shop,4
688,Edgeroi,2390,Coffee shop,0
689,Edgeworth,2285,Coffee shop,2
690,Edith,2787,Coffee shop,0
691,Edmondson Park,2174,Coffee shop,3
692,Eglinton,2795,Coffee shop,1
693,Elands,2429,Coffee shop,1
694,Elanora Heights,2101,Coffee shop,3
695,Elderslie,2570,Coffee shop,0
696,Eleebana,2282,Coffee shop,1
697,Elermore Vale,2287,Coffee shop,2
698,Elizabeth Bay,2011,Coffee shop,3
699,Elizabeth Beach,2428,Coffee shop,0
700,Elizabeth Hills,2171,Coffee shop,0
701,Ellalong,2325,Coffee shop,1
702,Ellis Lane,2570,Coffee shop,0
703,Elong Elong,2831,Coffee shop,0
704,Elrington,2325,Coffee shop,0
705,Elsmore,2360,Coffee shop,0
706,Emerald Beach,2456,Coffee shop,2
707,Emerald Hill,2380,Coffee shop,0
708,Emerton,2770,Coffee shop,2
709,Emmaville,2371,Coffee shop,0
710,Empire Bay,2257,Coffee shop,2
711,Emu Heights,2750,Coffee shop,2
712,Emu Plains,2750,Coffee shop,7
713,Enfield,2136,Coffee shop,3
714,Engadine,2233,Coffee shop,16
715,Englorie Park,2560,Coffee shop,0
716,Enmore,2350,Coffee shop,6
717,Epping,2121,Coffee shop,8
718,Eraring,2264,Coffee shop,0
719,Erigolia,2669,Coffee shop,0
720,Erina,2250,Coffee shop,27
721,Erina Heights,2260,Coffee shop,2
722,Ermington,2115,Coffee shop,4
723,Erowal Bay,2540,Coffee shop,0
724,Erskine Park,2759,Coffee shop,3
725,Erskineville,2043,Coffee shop,13
726,Eschol Park,2558,Coffee shop,0
727,Estella,2650,Coffee shop,0
728,Ettalong Beach,2257,Coffee shop,18
729,Euabalong,2877,Coffee shop,0
730,Euabalong West,2877,Coffee shop,0
731,Euchareena,2866,Coffee shop,0
732,Eugowra,2806,Coffee shop,3
733,Eumungerie,2831,Coffee shop,0
734,Eunanoreenya,2650,Coffee shop,0
735,Eungai Creek,2441,Coffee shop,0
736,Eungai Rail,2441,Coffee shop,0
737,Eungella,2484,Coffee shop,0
738,Eureka,2480,Coffee shop,0
739,Eurunderee,2850,Coffee shop,0
740,Evans Head,2473,Coffee shop,4
741,Eveleigh,2015,Coffee shop,4
742,Ewingsdale,2481,Coffee shop,1
743,Exeter,2579,Coffee shop,1
744,Fairfield,2165,Coffee shop,21
745,Fairfield East,2165,Coffee shop,1
746,Fairfield Heights,2165,Coffee shop,4
747,Fairfield West,2165,Coffee shop,2
748,Fairlight,2094,Coffee shop,3
749,Fairy Hill,2470,Coffee shop,0
750,Fairy Meadow,2519,Coffee shop,10
751,Falls Creek,2540,Coffee shop,0
752,Farley,2320,Coffee shop,0
753,Farmborough Heights,2526,Coffee shop,0
754,Fassifern,2283,Coffee shop,0
755,Faulconbridge,2776,Coffee shop,2
756,Federal,2480,Coffee shop,2
757,Fennell Bay,2283,Coffee shop,0
758,Fern Bay,2295,Coffee shop,0
759,Fernbank Creek,2444,Coffee shop,1
760,Fernhill,2519,Coffee shop,0
761,Ferodale,2318,Coffee shop,0
762,Figtree,2525,Coffee shop,10
763,Fingal Bay,2315,Coffee shop,3
764,Fingal Head,2487,Coffee shop,1
765,Finley,2713,Coffee shop,1
766,Fishermans Paradise,2539,Coffee shop,0
767,Fishing Point,2283,Coffee shop,0
768,Fitzroy Falls,2577,Coffee shop,2
769,Five Dock,2046,Coffee shop,22
770,Fletcher,2287,Coffee shop,1
771,Flinders,2529,Coffee shop,0
772,Floraville,2280,Coffee shop,0
773,Forbes,2871,Coffee shop,9
774,Forbesdale,2422,Coffee shop,0
775,Forest Glen,2157,Coffee shop,0
776,Forest Lodge,2037,Coffee shop,6
777,Forestville,2087,Coffee shop,5
778,Forresters Beach,2260,Coffee shop,2
779,Forster,2428,Coffee shop,27
780,Fountaindale,2258,Coffee shop,0
781,Foxground,2534,Coffee shop,0
782,Frederickton,2440,Coffee shop,0
783,Freemans Reach,2756,Coffee shop,2
784,Freemans Waterhole,2323,Coffee shop,1
785,French Park,2655,Coffee shop,0
786,Frenchs Forest,2086,Coffee shop,14
787,Freshwater,2096,Coffee shop,8
788,Frogs Hollow,2550,Coffee shop,0
789,Fullerton Cove,2318,Coffee shop,0
790,Galong,2585,Coffee shop,0
791,Galston,2159,Coffee shop,4
792,Ganmain,2702,Coffee shop,1
793,Garden Suburb,2289,Coffee shop,0
794,Gateshead,2290,Coffee shop,5
795,Geehi,2642,Coffee shop,1
796,Gemalla,2795,Coffee shop,0
797,Georges Hall,2198,Coffee shop,4
798,Georges Plains,2795,Coffee shop,0
799,Georgetown,2298,Coffee shop,2
800,Gerogery,2642,Coffee shop,0
801,Gerringong,2534,Coffee shop,8
802,Gerroa,2534,Coffee shop,1
803,Geurie,2831,Coffee shop,0
804,Gibraltar Range,2370,Coffee shop,0
805,Gidginbung,2666,Coffee shop,0
806,Gilead,2560,Coffee shop,0
807,Gilgai,2360,Coffee shop,0
808,Gilgandra,2827,Coffee shop,4
809,Gillieston Heights,2321,Coffee shop,0
810,Girards Hill,2480,Coffee shop,0
811,Girilambone,2831,Coffee shop,0
812,Girral,2669,Coffee shop,0
813,Girraween,2145,Coffee shop,3
814,Gladesville,2111,Coffee shop,17
815,Gladstone,2440,Coffee shop,3
816,Glebe,2037,Coffee shop,35
817,Gledswood Hills,2557,Coffee shop,2
818,Glen Alpine,2560,Coffee shop,0
819,Glen Innes,2370,Coffee shop,13
820,Glen Oak,2320,Coffee shop,0
821,Glenbrook,2773,Coffee shop,5
822,Glencoe,2365,Coffee shop,1
823,Glendale,2285,Coffee shop,6
824,Glendenning,2761,Coffee shop,3
825,Glenfield,2167,Coffee shop,4
826,Glenfield Park,2650,Coffee shop,4
827,Glenhaven,2156,Coffee shop,2
828,Glenmore Park,2745,Coffee shop,7
829,Glennies Creek,2330,Coffee shop,0
830,Glenning Valley,2261,Coffee shop,0
831,Glenorie,2157,Coffee shop,2
832,Glenquarry,2576,Coffee shop,0
833,Glenreagh,2450,Coffee shop,0
834,Glenridding,2330,Coffee shop,0
835,Glenthorne,2430,Coffee shop,1
836,Glenwood,2768,Coffee shop,3
837,Glossodia,2756,Coffee shop,0
838,Gloucester,2422,Coffee shop,2
839,Gobbagombalin,2650,Coffee shop,0
840,Gol Gol,2738,Coffee shop,1
841,Gongolgon,2839,Coffee shop,0
842,Goobarragandra,2720,Coffee shop,0
843,Googong,2620,Coffee shop,1
844,Goolgowi,2652,Coffee shop,0
845,Goolmangar,2480,Coffee shop,0
846,Goonellabah,2480,Coffee shop,5
847,Goonengerry,2482,Coffee shop,0
848,Gordon,2072,Coffee shop,10
849,Gormans Hill,2795,Coffee shop,0
850,Gorokan,2263,Coffee shop,1
851,Gosford,2250,Coffee shop,21
852,Gostwyck,2358,Coffee shop,0
853,Goulburn,2580,Coffee shop,20
854,Grabben Gullen,2583,Coffee shop,0
855,Grafton,2460,Coffee shop,19
856,Grahamstown,2729,Coffee shop,0
857,Granville,2142,Coffee shop,12
858,Grasmere,2570,Coffee shop,0
859,Grassy Head,2441,Coffee shop,0
860,Grays Point,2232,Coffee shop,1
861,Great Mackerel Beach,2108,Coffee shop,0
862,Green Pigeon,2474,Coffee shop,0
863,Green Point,2428,Coffee shop,2
864,Green Valley,2168,Coffee shop,3
865,Greenacre,2190,Coffee shop,14
866,Greendale,2745,Coffee shop,0
867,Greenethorpe,2809,Coffee shop,1
868,Greenfield Park,2176,Coffee shop,1
869,Greengrove,2250,Coffee shop,0
870,Greenhill,2440,Coffee shop,1
871,Greenwell Point,2540,Coffee shop,1
872,Greenwich,2065,Coffee shop,6
873,Gregory Hills,2557,Coffee shop,6
874,Greigs Flat,2549,Coffee shop,0
875,Grenfell,2810,Coffee shop,2
876,Gresford,2311,Coffee shop,0
877,Greta,2334,Coffee shop,3
878,Greta Main,2325,Coffee shop,0
879,Greystanes,2145,Coffee shop,9
880,Griffith,2680,Coffee shop,17
881,Grong Grong,2652,Coffee shop,1
882,Grose Vale,2753,Coffee shop,0
883,Grose Wold,2753,Coffee shop,0
884,Guildford,2161,Coffee shop,6
885,Guildford West,2161,Coffee shop,0
886,Gulargambone,2828,Coffee shop,0
887,Gulgong,2852,Coffee shop,3
888,Gumly Gumly,2652,Coffee shop,2
889,Gundagai,2722,Coffee shop,4
890,Gundaroo,2620,Coffee shop,4
891,Gunderman,2775,Coffee shop,1
892,Gunnedah,2380,Coffee shop,9
893,Gunning,2581,Coffee shop,2
894,Gunningbland,2876,Coffee shop,0
895,Gurley,2398,Coffee shop,0
896,Guyra,2365,Coffee shop,5
897,Gwabegar,2356,Coffee shop,0
898,Gwandalan,2259,Coffee shop,3
899,Gwynneville,2500,Coffee shop,3
900,Gymea,2227,Coffee shop,14
901,Gymea Bay,2227,Coffee shop,2
902,Haberfield,2045,Coffee shop,9
903,Halekulani,2262,Coffee shop,1
904,Halfway Creek,2460,Coffee shop,1
905,Hallidays Point,2430,Coffee shop,2
906,Halloran,2259,Coffee shop,0
907,Hamilton,2303,Coffee shop,9
908,Hamilton East,2303,Coffee shop,1
909,Hamilton North,2292,Coffee shop,1
910,Hamilton South,2303,Coffee shop,0
911,Hamilton Valley,2641,Coffee shop,0
912,Hamlyn Terrace,2259,Coffee shop,1
913,Hammondville,2170,Coffee shop,4
914,Hampton,2790,Coffee shop,0
915,Hannam Vale,2443,Coffee shop,1
916,Hanwood,2680,Coffee shop,0
917,Harden,2587,Coffee shop,3
918,Hardys Bay,2257,Coffee shop,0
919,Harefield,2650,Coffee shop,0
920,Harpers Hill,2321,Coffee shop,0
921,Harrington,2427,Coffee shop,3
922,Harrington Park,2567,Coffee shop,1
923,Harris Park,2150,Coffee shop,2
924,Hartley,2790,Coffee shop,3
925,Hartley Vale,2790,Coffee shop,0
926,Harwood,2465,Coffee shop,0
927,Hassall Grove,2761,Coffee shop,1
928,Hastings Point,2489,Coffee shop,2
929,Havilah,2850,Coffee shop,0
930,Hawkesbury Heights,2777,Coffee shop,0
931,Hawks Nest,2324,Coffee shop,3
932,Hay,2711,Coffee shop,0
933,Haymarket,2000,Coffee shop,39
934,Haywards Bay,2530,Coffee shop,0
935,Hazelbrook,2779,Coffee shop,3
936,Heathcote,2233,Coffee shop,5
937,Heatherbrae,2324,Coffee shop,5
938,Hebersham,2770,Coffee shop,0
939,Heckenberg,2168,Coffee shop,0
940,Heddon Greta,2321,Coffee shop,0
941,Helensburgh,2508,Coffee shop,5
942,Henley,2111,Coffee shop,0
943,Henty,2658,Coffee shop,1
944,Hermidale,2831,Coffee shop,0
945,Hermitage Flat,2790,Coffee shop,0
946,Herons Creek,2443,Coffee shop,0
947,Hexham,2322,Coffee shop,1
948,Hill End,2850,Coffee shop,1
949,Hill Top,2627,Coffee shop,0
950,Hilldale,2420,Coffee shop,0
951,Hillsborough,2320,Coffee shop,0
952,Hillsdale,2036,Coffee shop,2
953,Hillvue,2340,Coffee shop,2
954,Hinchinbrook,2168,Coffee shop,1
955,Hobartville,2753,Coffee shop,0
956,Hogarth Range,2469,Coffee shop,1
957,Holbrook,2644,Coffee shop,5
958,Holgate,2250,Coffee shop,1
959,Holmesville,2286,Coffee shop,0
960,Holroyd,2142,Coffee shop,0
961,Holsworthy,2173,Coffee shop,1
962,Homebush,2140,Coffee shop,8
963,Homebush West,2140,Coffee shop,9
964,Horningsea Park,2171,Coffee shop,0
965,Hornsby,2077,Coffee shop,37
966,Hornsby Heights,2077,Coffee shop,0
967,Horsfield Bay,2256,Coffee shop,0
968,Horsley,2530,Coffee shop,1
969,Horsley Park,2175,Coffee shop,4
970,Howlong,2643,Coffee shop,2
971,Hoxton Park,2171,Coffee shop,2
972,Hunters Hill,2110,Coffee shop,9
973,Hunterview,2330,Coffee shop,0
974,Huntingwood,2148,Coffee shop,0
975,Huntley,2800,Coffee shop,0
976,Huntleys Cove,2111,Coffee shop,1
977,Huntleys Point,2111,Coffee shop,0
978,Hurlstone Park,2193,Coffee shop,5
979,Hurstville,2220,Coffee shop,32
980,Hurstville Grove,2220,Coffee shop,0
981,Huskisson,2540,Coffee shop,13
982,Hyams Beach,2540,Coffee shop,1
983,Ilarwill,2463,Coffee shop,0
984,Illawong,2234,Coffee shop,1
985,Iluka,2466,Coffee shop,3
986,Ingleburn,2565,Coffee shop,17
987,Ingleside,2101,Coffee shop,1
988,Inverell,2360,Coffee shop,14
989,Islington,2296,Coffee shop,4
990,Jackadgery,2460,Coffee shop,0
991,Jacky Bulbin Flat,2463,Coffee shop,1
992,Jamberoo,2533,Coffee shop,2
993,Jamisontown,2750,Coffee shop,9
994,Jannali,2226,Coffee shop,4
995,Jeir,2582,Coffee shop,0
996,Jellat Jellat,2550,Coffee shop,0
997,Jenolan,2790,Coffee shop,1
998,Jerilderie,2716,Coffee shop,1
999,Jerrabomberra,2619,Coffee shop,3
1000,Jerrara,2533,Coffee shop,0
1001,Jerrawa,2582,Coffee shop,0
1002,Jerrys Plains,2330,Coffee shop,1
1003,Jesmond,2299,Coffee shop,6
1004,Jewells,2280,Coffee shop,2
1005,Jilliby,2259,Coffee shop,1
1006,Jindabyne,2627,Coffee shop,15
1007,Jindera,2642,Coffee shop,0
1008,Jingellic,2642,Coffee shop,0
1009,Johns River,2443,Coffee shop,1
1010,Jolly Nose,2445,Coffee shop,1
1011,Jordan Springs,2747,Coffee shop,2
1012,Jugiong,2726,Coffee shop,2
1013,Junction Hill,2460,Coffee shop,0
1014,Junee,2663,Coffee shop,5
1015,Kahibah,2290,Coffee shop,1
1016,Kalaru,2550,Coffee shop,1
1017,Kamarah,2665,Coffee shop,0
1018,Kanahooka,2530,Coffee shop,1
1019,Kandos,2848,Coffee shop,2
1020,Kangaloon,2576,Coffee shop,0
1021,Kangaroo Valley,2577,Coffee shop,4
1022,Kangy Angy,2258,Coffee shop,0
1023,Kanwal,2259,Coffee shop,2
1024,Kapooka,2661,Coffee shop,1
1025,Karaak Flat,2429,Coffee shop,0
1026,Karabar,2620,Coffee shop,1
1027,Kareela,2232,Coffee shop,1
1028,Kariong,2250,Coffee shop,1
1029,Karuah,2324,Coffee shop,3
1030,Katoomba,2780,Coffee shop,31
1031,Kearns,2558,Coffee shop,0
1032,Kearsley,2325,Coffee shop,1
1033,Keepit,2340,Coffee shop,0
1034,Keerrong,2480,Coffee shop,0
1035,Keiraville,2500,Coffee shop,4
1036,Kellyville,2155,Coffee shop,10
1037,Kellyville Ridge,2155,Coffee shop,3
1038,Kelso,2795,Coffee shop,4
1039,Kembla Grange,2526,Coffee shop,0
1040,Kembla Heights,2526,Coffee shop,0
1041,Kemps Creek,2178,Coffee shop,2
1042,Kempsey,2440,Coffee shop,15
1043,Kendall,2439,Coffee shop,2
1044,Kensington,2033,Coffee shop,19
1045,Kenthurst,2156,Coffee shop,3
1046,Kentlyn,2560,Coffee shop,0
1047,Kentucky,2354,Coffee shop,1
1048,Kentucky South,2354,Coffee shop,0
1049,Kerrabee,2328,Coffee shop,0
1050,Kerrs Creek,2800,Coffee shop,0
1051,Khancoban,2642,Coffee shop,2
1052,Kiama,2533,Coffee shop,24
1053,Kiama Downs,2533,Coffee shop,2
1054,Kiama Heights,2533,Coffee shop,0
1055,Kianga,2546,Coffee shop,1
1056,Kiar,2259,Coffee shop,0
1057,Kilaben Bay,2283,Coffee shop,0
1058,Kilgra,2474,Coffee shop,0
1059,Killara,2071,Coffee shop,2
1060,Killarney Heights,2087,Coffee shop,4
1061,Killarney Vale,2261,Coffee shop,3
1062,Killawarra,2429,Coffee shop,0
1063,Killcare,2257,Coffee shop,2
1064,Killcare Heights,2257,Coffee shop,0
1065,Killimicat,2720,Coffee shop,0
1066,Killingworth,2278,Coffee shop,0
1067,Kinchela,2440,Coffee shop,0
1068,Kincumber,2251,Coffee shop,9
1069,Kincumber South,2251,Coffee shop,1
1070,King Creek,2446,Coffee shop,0
1071,Kingfisher Shores,2259,Coffee shop,0
1072,Kings Langley,2147,Coffee shop,3
1073,Kings Park,2148,Coffee shop,7
1074,Kings Plains,2799,Coffee shop,0
1075,Kings Point,2539,Coffee shop,0
1076,Kingscliff,2487,Coffee shop,17
1077,Kingsford,2032,Coffee shop,10
1078,Kingsgrove,2208,Coffee shop,12
1079,Kingsvale,2587,Coffee shop,0
1080,Kingswood,2747,Coffee shop,8
1081,Kioloa,2539,Coffee shop,1
1082,Kirkham,2570,Coffee shop,0
1083,Kirrawee,2232,Coffee shop,15
1084,Kirribilli,2061,Coffee shop,8
1085,Kiwarrak,2430,Coffee shop,1
1086,Klori,2346,Coffee shop,0
1087,Knockrow,2479,Coffee shop,1
1088,Kogarah,2217,Coffee shop,22
1089,Kogarah Bay,2217,Coffee shop,1
1090,Koolewong,2256,Coffee shop,1
1091,Koolkhan,2460,Coffee shop,0
1092,Koonawarra,2530,Coffee shop,0
1093,Koonorigan,2480,Coffee shop,0
1094,Kooragang,2304,Coffee shop,0
1095,Koorawatha,2807,Coffee shop,0
1096,Kooringal,2650,Coffee shop,3
1097,Kootingal,2352,Coffee shop,2
1098,Koraleigh,2735,Coffee shop,1
1099,Korora,2450,Coffee shop,0
1100,Kotara,2289,Coffee shop,13
1101,Kotara South,2289,Coffee shop,0
1102,Krambach,2429,Coffee shop,1
1103,Kulnura,2250,Coffee shop,1
1104,Kundabung,2441,Coffee shop,0
1105,Kungala,2460,Coffee shop,0
1106,Kunghur,2484,Coffee shop,0
1107,Kurmond,2757,Coffee shop,0
1108,Kurnell,2231,Coffee shop,5
1109,Kurraba Point,2089,Coffee shop,1
1110,Kurrajong,2758,Coffee shop,4
1111,Kurrajong Heights,2758,Coffee shop,0
1112,Kurrajong Hills,2758,Coffee shop,0
1113,Kurri Kurri,2327,Coffee shop,7
1114,Kyalite,2734,Coffee shop,0
1115,Kyeemagh,2216,Coffee shop,1
1116,Kyle Bay,2221,Coffee shop,1
1117,Kyogle,2474,Coffee shop,6
1118,La Perouse,2036,Coffee shop,2
1119,Laffing Waters,2795,Coffee shop,0
1120,Laggan,2583,Coffee shop,0
1121,Laguna,2325,Coffee shop,1
1122,Lake Albert,2650,Coffee shop,2
1123,Lake Bathurst,2580,Coffee shop,0
1124,Lake Cargelligo,2672,Coffee shop,1
1125,Lake Cathie,2445,Coffee shop,1
1126,Lake Conjola,2539,Coffee shop,2
1127,Lake Cowal,2671,Coffee shop,0
1128,Lake George,2581,Coffee shop,1
1129,Lake Haven,2263,Coffee shop,5
1130,Lake Heights,2502,Coffee shop,1
1131,Lake Illawarra,2528,Coffee shop,0
1132,Lake Munmorah,2259,Coffee shop,4
1133,Lake Tabourie,2539,Coffee shop,0
1134,Lakemba,2195,Coffee shop,6
1135,Lakesland,2572,Coffee shop,0
1136,Lakewood,2443,Coffee shop,1
1137,Lalor Park,2147,Coffee shop,1
1138,Lambton,2299,Coffee shop,4
1139,Lane Cove,2066,Coffee shop,13
1140,Lane Cove North,2066,Coffee shop,5
1141,Lane Cove West,2066,Coffee shop,4
1142,Langley Vale,2426,Coffee shop,0
1143,Lanitza,2460,Coffee shop,0
1144,Lansdowne,2430,Coffee shop,1
1145,Lansvale,2166,Coffee shop,1
1146,Lapstone,2773,Coffee shop,0
1147,Largs,2320,Coffee shop,0
1148,Laughtondale,2775,Coffee shop,0
1149,Laurel Hill,2649,Coffee shop,0
1150,Laurieton,2443,Coffee shop,5
1151,Lavender Bay,2060,Coffee shop,1
1152,Lavington,2641,Coffee shop,10
1153,Lawson,2783,Coffee shop,3
1154,Leconfield,2335,Coffee shop,0
1155,Leeton,2705,Coffee shop,11
1156,Leichhardt,2040,Coffee shop,26
1157,Lemon Tree,2259,Coffee shop,0
1158,Lemon Tree Passage,2319,Coffee shop,1
1159,Len Waters Estate,2171,Coffee shop,3
1160,Lennox Head,2478,Coffee shop,10
1161,Leonay,2750,Coffee shop,1
1162,Leppington,2179,Coffee shop,2
1163,Lethbridge Park,2770,Coffee shop,0
1164,Leumeah,2560,Coffee shop,3
1165,Leura,2780,Coffee shop,17
1166,Lewisham,2049,Coffee shop,3
1167,Lidcombe,2141,Coffee shop,25
1168,Lidsdale,2790,Coffee shop,0
1169,Lightning Ridge,2834,Coffee shop,0
1170,Lilli Pilli,2536,Coffee shop,2
1171,Lillian Rock,2480,Coffee shop,0
1172,Lilyfield,2040,Coffee shop,7
1173,Limbri,2352,Coffee shop,0
1174,Limeburners Creek,2444,Coffee shop,1
1175,Limekilns,2795,Coffee shop,0
1176,Linden,2778,Coffee shop,0
1177,Lindendale,2480,Coffee shop,0
1178,Lindfield,2070,Coffee shop,12
1179,Linley Point,2066,Coffee shop,0
1180,Lisarow,2250,Coffee shop,2
1181,Lismore,2480,Coffee shop,33
1182,Lismore Heights,2480,Coffee shop,1
1183,Liston,2372,Coffee shop,1
1184,Lithgow,2790,Coffee shop,13
1185,Little Bay,2036,Coffee shop,3
1186,Little Hartley,2790,Coffee shop,1
1187,Little Pelican,2281,Coffee shop,0
1188,Little Plain,2360,Coffee shop,0
1189,Liverpool,2170,Coffee shop,57
1190,Llanarth,2795,Coffee shop,0
1191,Llandilo,2747,Coffee shop,0
1192,Llangothlin,2365,Coffee shop,0
1193,Lloyd,2650,Coffee shop,0
1194,Lochinvar,2321,Coffee shop,0
1195,Lockhart,2656,Coffee shop,1
1196,Loftus,2232,Coffee shop,2
1197,Loftville,2480,Coffee shop,0
1198,Londonderry,2753,Coffee shop,1
1199,Long Flat,2446,Coffee shop,0
1200,Long Jetty,2261,Coffee shop,5
1201,Long Point,2800,Coffee shop,0
1202,Longueville,2066,Coffee shop,1
1203,Lord Howe Island,2898,Coffee shop,0
1204,Lorn,2320,Coffee shop,3
1205,Louth Park,2320,Coffee shop,0
1206,Lovedale,2325,Coffee shop,3
1207,Lower Mangrove,2250,Coffee shop,0
1208,Lower Portland,2756,Coffee shop,1
1209,Lucas Heights,2234,Coffee shop,1
1210,Luddenham,2745,Coffee shop,3
1211,Lue,2850,Coffee shop,0
1212,Lugarno,2210,Coffee shop,1
1213,Lurnea,2170,Coffee shop,1
1214,Macksville,2447,Coffee shop,5
1215,Maclean,2463,Coffee shop,8
1216,Macmasters Beach,2251,Coffee shop,2
1217,Macquarie Fields,2564,Coffee shop,6
1218,Macquarie Hills,2285,Coffee shop,0
1219,Macquarie Links,2565,Coffee shop,0
1220,Macquarie Marshes,2831,Coffee shop,1
1221,Macquarie Park,2113,Coffee shop,41
1222,Maddens Plains,2508,Coffee shop,1
1223,Magenta,2261,Coffee shop,0
1224,Maianbar,2230,Coffee shop,0
1225,Maimuru,2594,Coffee shop,0
1226,Main Arm,2482,Coffee shop,1
1227,Maison Dieu,2330,Coffee shop,0
1228,Maitland,2320,Coffee shop,23
1229,Maitland Vale,2320,Coffee shop,0
1230,Malabar,2036,Coffee shop,3
1231,Mallabula,2319,Coffee shop,0
1232,Mallanganee,2469,Coffee shop,0
1233,Maloneys Beach,2536,Coffee shop,0
1234,Malua Bay,2536,Coffee shop,1
1235,Mandurama,2792,Coffee shop,0
1236,Mangerton,2500,Coffee shop,0
1237,Mangoola,2328,Coffee shop,0
1238,Mangrove Mountain,2250,Coffee shop,1
1239,Manildra,2865,Coffee shop,1
1240,Manilla,2346,Coffee shop,0
1241,Manly,2095,Coffee shop,48
1242,Manly Vale,2093,Coffee shop,4
1243,Mannering Park,2259,Coffee shop,2
1244,Manning Point,2430,Coffee shop,0
1245,Manyana,2539,Coffee shop,0
1246,Maraylya,2765,Coffee shop,0
1247,Marayong,2148,Coffee shop,1
1248,Marchmont,2582,Coffee shop,0
1249,Mardi,2259,Coffee shop,0
1250,Marks Point,2280,Coffee shop,2
1251,Marmong Point,2284,Coffee shop,1
1252,Maroota,2756,Coffee shop,1
1253,Maroubra,2035,Coffee shop,26
1254,Marrangaroo,2790,Coffee shop,0
1255,Marrar,2652,Coffee shop,1
1256,Marrickville,2204,Coffee shop,47
1257,Marsden Park,2765,Coffee shop,4
1258,Marsfield,2122,Coffee shop,2
1259,Martins Creek,2420,Coffee shop,0
1260,Martinsville,2265,Coffee shop,0
1261,Marulan,2579,Coffee shop,3
1262,Maryland,2287,Coffee shop,0
1263,Maryvale,2820,Coffee shop,0
1264,Maryville,2293,Coffee shop,1
1265,Mascot,2020,Coffee shop,51
1266,Matcham,2250,Coffee shop,0
1267,Mathoura,2710,Coffee shop,2
1268,Matong,2652,Coffee shop,0
1269,Matraville,2036,Coffee shop,11
1270,Mayfield,2787,Coffee shop,11
1271,Mayfield East,2304,Coffee shop,2
1272,Mayfield North,2304,Coffee shop,0
1273,Mayfield West,2304,Coffee shop,2
1274,Mays Hill,2145,Coffee shop,0
1275,Mcgraths Hill,2756,Coffee shop,0
1276,Meadow Flat,2795,Coffee shop,0
1277,Meadowbank,2114,Coffee shop,4
1278,Medlow Bath,2780,Coffee shop,2
1279,Medowie,2318,Coffee shop,4
1280,Medway,2820,Coffee shop,0
1281,Megalong Valley,2785,Coffee shop,2
1282,Melinga,2430,Coffee shop,0
1283,Melrose Park,2114,Coffee shop,1
1284,Menai,2234,Coffee shop,8
1285,Menangle,2568,Coffee shop,0
1286,Menangle Park,2563,Coffee shop,0
1287,Mendooran,2842,Coffee shop,1
1288,Merewether,2291,Coffee shop,9
1289,Merewether Heights,2291,Coffee shop,0
1290,Merimbula,2548,Coffee shop,15
1291,Merriwa,2329,Coffee shop,2
1292,Merriwagga,2652,Coffee shop,0
1293,Merrygoen,2831,Coffee shop,0
1294,Merrylands,2160,Coffee shop,27
1295,Merrylands West,2160,Coffee shop,0
1296,Merungle Hill,2705,Coffee shop,0
1297,Metford,2323,Coffee shop,1
1298,Michelago,2620,Coffee shop,1
1299,Middle Cove,2068,Coffee shop,2
1300,Middle Dural,2158,Coffee shop,1
1301,Middleton Grange,2171,Coffee shop,0
1302,Milbrodale,2330,Coffee shop,0
1303,Miller,2168,Coffee shop,0
1304,Millers Forest,2324,Coffee shop,0
1305,Millers Point,2000,Coffee shop,6
1306,Millfield,2325,Coffee shop,0
1307,Millingandi,2549,Coffee shop,0
1308,Millthorpe,2798,Coffee shop,5
1309,Milperra,2214,Coffee shop,2
1310,Milsons Point,2061,Coffee shop,10
1311,Milton,2538,Coffee shop,3
1312,Minchinbury,2770,Coffee shop,5
1313,Mindaribba,2320,Coffee shop,0
1314,Minmi,2287,Coffee shop,1
1315,Minnamurra,2533,Coffee shop,1
1316,Minnie Water,2462,Coffee shop,0
1317,Minore,2830,Coffee shop,0
1318,Minto,2566,Coffee shop,6
1319,Minto Heights,2566,Coffee shop,0
1320,Miranda,2228,Coffee shop,32
1321,Mirannie,2330,Coffee shop,0
1322,Mirrabooka,2264,Coffee shop,0
1323,Mittagong,2575,Coffee shop,15
1324,Moama,2731,Coffee shop,5
1325,Modanville,2480,Coffee shop,0
1326,Mogareeka,2550,Coffee shop,0
1327,Mogo,2850,Coffee shop,6
1328,Mollymook,2539,Coffee shop,3
1329,Mollymook Beach,2539,Coffee shop,0
1330,Molong,2866,Coffee shop,2
1331,Mona Vale,2103,Coffee shop,28
1332,Mondayong,2540,Coffee shop,0
1333,Monivae,2850,Coffee shop,0
1334,Monkerai,2415,Coffee shop,0
1335,Monteagle,2594,Coffee shop,1
1336,Montecollum,2482,Coffee shop,1
1337,Montefiores,2820,Coffee shop,0
1338,Monterey,2217,Coffee shop,4
1339,Mooball,2483,Coffee shop,2
1340,Moonan Flat,2337,Coffee shop,1
1341,Moonbi,2353,Coffee shop,0
1342,Moonee Beach,2450,Coffee shop,2
1343,Mooney Mooney,2083,Coffee shop,0
1344,Moore Creek,2340,Coffee shop,0
1345,Moore Park,2021,Coffee shop,6
1346,Moorebank,2170,Coffee shop,13
1347,Moorland,2443,Coffee shop,3
1348,Moorong,2650,Coffee shop,1
1349,Moree,2400,Coffee shop,0
1350,Morisset,2264,Coffee shop,8
1351,Morisset Park,2264,Coffee shop,0
1352,Morning Bay,2108,Coffee shop,0
1353,Mororo,2469,Coffee shop,0
1354,Morpeth,2321,Coffee shop,7
1355,Mortdale,2223,Coffee shop,10
1356,Mortlake,2137,Coffee shop,5
1357,Morts Estate,2790,Coffee shop,0
1358,Moruya,2537,Coffee shop,12
1359,Mosman,2088,Coffee shop,49
1360,Moss Vale,2577,Coffee shop,11
1361,Mossy Point,2537,Coffee shop,1
1362,Mount Annan,2567,Coffee shop,7
1363,Mount Burrell,2484,Coffee shop,0
1364,Mount Colah,2079,Coffee shop,6
1365,Mount Druitt,2770,Coffee shop,19
1366,Mount Fairy,2580,Coffee shop,0
1367,Mount Frome,2850,Coffee shop,0
1368,Mount George,2424,Coffee shop,0
1369,Mount Hunter,2570,Coffee shop,0
1370,Mount Hutton,2290,Coffee shop,9
1371,Mount Keira,2500,Coffee shop,1
1372,Mount Kembla,2526,Coffee shop,0
1373,Mount Knowles,2850,Coffee shop,0
1374,Mount Lambie,2790,Coffee shop,0
1375,Mount Lewis,2200,Coffee shop,0
1376,Mount Ousley,2519,Coffee shop,0
1377,Mount Panorama,2795,Coffee shop,0
1378,Mount Pleasant,2519,Coffee shop,0
1379,Mount Pritchard,2170,Coffee shop,1
1380,Mount Rankin,2795,Coffee shop,0
1381,Mount Riverview,2774,Coffee shop,0
1382,Mount Thorley,2330,Coffee shop,1
1383,Mount Tomah,2758,Coffee shop,0
1384,Mount Vernon,2178,Coffee shop,0
1385,Mount Victoria,2786,Coffee shop,2
1386,Mount View,2325,Coffee shop,0
1387,Mount Vincent,2323,Coffee shop,0
1388,Mount Warning,2484,Coffee shop,2
1389,Mount Warrigal,2528,Coffee shop,1
1390,Mount White,2250,Coffee shop,3
1391,Mudgee,2850,Coffee shop,20
1392,Mulbring,2323,Coffee shop,0
1393,Mulgoa,2745,Coffee shop,4
1394,Mulgrave,2756,Coffee shop,0
1395,Mullaley,2379,Coffee shop,0
1396,Mullaway,2456,Coffee shop,0
1397,Mullion Creek,2800,Coffee shop,0
1398,Mullumbimby,2482,Coffee shop,14
1399,Mulwala,2647,Coffee shop,2
1400,Mumbil,2820,Coffee shop,0
1401,Mummulgum,2469,Coffee shop,0
1402,Mundamia,2540,Coffee shop,1
1403,Mungindi,2406,Coffee shop,1
1404,Murrami,2705,Coffee shop,0
1405,Murray Downs,2734,Coffee shop,0
1406,Murrays Beach,2281,Coffee shop,0
1407,Murringo,2586,Coffee shop,0
1408,Murrumbateman,2582,Coffee shop,1
1409,Murrumburrah,2587,Coffee shop,2
1410,Murrurundi,2338,Coffee shop,5
1411,Murwillumbah,2484,Coffee shop,17
1412,Muscle Creek,2333,Coffee shop,0
1413,Muswellbrook,2333,Coffee shop,10
1414,Muttama,2722,Coffee shop,0
1415,Mylestom,2454,Coffee shop,0
1416,Mylneford,2460,Coffee shop,0
1417,Myocum,2481,Coffee shop,0
1418,Myola,2540,Coffee shop,0
1419,Myrtle Creek,2469,Coffee shop,0
1420,Nabiac,2312,Coffee shop,2
1421,Nambucca Heads,2448,Coffee shop,12
1422,Nana Glen,2450,Coffee shop,1
1423,Narara,2250,Coffee shop,1
1424,Narellan,2567,Coffee shop,18
1425,Narellan Vale,2567,Coffee shop,0
1426,Naremburn,2065,Coffee shop,4
1427,Narooma,2546,Coffee shop,9
1428,Narrabarba,2551,Coffee shop,0
1429,Narrabeen,2101,Coffee shop,17
1430,Narrabri,2390,Coffee shop,8
1431,Narrandera,2700,Coffee shop,7
1432,Narrawallee,2539,Coffee shop,0
1433,Narraweena,2099,Coffee shop,3
1434,Narromine,2821,Coffee shop,3
1435,Narwee,2209,Coffee shop,4
1436,Nashdale,2800,Coffee shop,1
1437,Neath,2326,Coffee shop,0
1438,Nelligen,2536,Coffee shop,2
1439,Nelson,2765,Coffee shop,0
1440,Nelson Bay,2315,Coffee shop,22
1441,Nemingha,2340,Coffee shop,0
1442,Nerong,2423,Coffee shop,0
1443,Neutral Bay,2089,Coffee shop,32
1444,Nevertire,2831,Coffee shop,2
1445,New Berrima,2577,Coffee shop,0
1446,New Brighton,2483,Coffee shop,0
1447,New Italy,2472,Coffee shop,2
1448,New Lambton,2305,Coffee shop,7
1449,New Lambton Heights,2305,Coffee shop,2
1450,Newbridge,2795,Coffee shop,0
1451,Newcastle,2300,Coffee shop,30
1452,Newcastle East,2300,Coffee shop,5
1453,Newcastle West,2302,Coffee shop,15
1454,Newington,2127,Coffee shop,5
1455,Newport,2106,Coffee shop,12
1456,Newrybar,2479,Coffee shop,2
1457,Newtown,2042,Coffee shop,44
1458,Niagara Park,2250,Coffee shop,1
1459,Nimbin,2480,Coffee shop,6
1460,Nimmitabel,2631,Coffee shop,2
1461,Nooroo,2415,Coffee shop,0
1462,Norah Head,2263,Coffee shop,5
1463,Noraville,2263,Coffee shop,3
1464,Nords Wharf,2281,Coffee shop,0
1465,Normanhurst,2076,Coffee shop,2
1466,North Albury,2640,Coffee shop,2
1467,North Arm Cove,2324,Coffee shop,0
1468,North Avoca,2260,Coffee shop,1
1469,North Balgowlah,2093,Coffee shop,3
1470,North Batemans Bay,2536,Coffee shop,0
1471,North Boambee Valley,2450,Coffee shop,1
1472,North Bondi,2026,Coffee shop,10
1473,North Curl Curl,2099,Coffee shop,5
1474,North Dorrigo,2453,Coffee shop,0
1475,North Epping,2121,Coffee shop,2
1476,North Gosford,2250,Coffee shop,3
1477,North Haven,2443,Coffee shop,5
1478,North Lambton,2299,Coffee shop,0
1479,North Lismore,2480,Coffee shop,1
1480,North Macksville,2447,Coffee shop,1
1481,North Macquarie,2527,Coffee shop,0
1482,North Manly,2100,Coffee shop,0
1483,North Narooma,2546,Coffee shop,0
1484,North Narrabeen,2101,Coffee shop,3
1485,North Nowra,2541,Coffee shop,2
1486,North Parramatta,2151,Coffee shop,7
1487,North Richmond,2754,Coffee shop,4
1488,North Rocks,2151,Coffee shop,6
1489,North Rothbury,2335,Coffee shop,1
1490,North Ryde,2113,Coffee shop,28
1491,North St Marys,2760,Coffee shop,2
1492,North Strathfield,2137,Coffee shop,9
1493,North Sydney,2060,Coffee shop,57
1494,North Tamworth,2340,Coffee shop,5
1495,North Tumbulgum,2490,Coffee shop,0
1496,North Turramurra,2074,Coffee shop,4
1497,North Wagga Wagga,2650,Coffee shop,0
1498,North Wahroonga,2076,Coffee shop,0
1499,North Willoughby,2068,Coffee shop,5
1500,North Wollongong,2500,Coffee shop,13
1501,North Yeoval,2868,Coffee shop,0
1502,Northbridge,2063,Coffee shop,0
1503,Northmead,2152,Coffee shop,6
1504,Northwood,2066,Coffee shop,0
1505,Nowra,2541,Coffee shop,28
1506,Nowra Hill,2540,Coffee shop,1
1507,Nulkaba,2325,Coffee shop,2
1508,Nunderi,2484,Coffee shop,0
1509,Nundle,2340,Coffee shop,3
1510,Nyngan,2825,Coffee shop,1
1511,Nyrang Creek,2804,Coffee shop,0
1512,Oak Flats,2529,Coffee shop,5
1513,Oakdale,2570,Coffee shop,0
1514,Oakhampton,2320,Coffee shop,0
1515,Oakhurst,2761,Coffee shop,0
1516,Oakville,2765,Coffee shop,0
1517,Oaky Park,2790,Coffee shop,0
1518,Oatlands,2117,Coffee shop,3
1519,Oatley,2223,Coffee shop,11
1520,Oberon,2787,Coffee shop,6
1521,Ocean Shores,2483,Coffee shop,6
1522,Old Bar,2430,Coffee shop,3
1523,Old Erowal Bay,2540,Coffee shop,0
1524,Old Guildford,2161,Coffee shop,0
1525,Old Junee,2652,Coffee shop,0
1526,Old Toongabbie,2146,Coffee shop,2
1527,One Mile,2316,Coffee shop,0
1528,Ootha,2875,Coffee shop,0
1529,Oran Park,2570,Coffee shop,3
1530,Orange,2800,Coffee shop,48
1531,Orangeville,2570,Coffee shop,0
1532,Orchard Hills,2748,Coffee shop,1
1533,Orient Point,2540,Coffee shop,0
1534,Otford,2508,Coffee shop,0
1535,Ourimbah,2258,Coffee shop,4
1536,Oxley Park,2760,Coffee shop,0
1537,Oxley Vale,2340,Coffee shop,0
1538,Oyster Bay,2225,Coffee shop,1
1539,Oyster Cove,2318,Coffee shop,0
1540,Paddington,2021,Coffee shop,28
1541,Padstow,2211,Coffee shop,10
1542,Padstow Heights,2211,Coffee shop,1
1543,Pagewood,2035,Coffee shop,0
1544,Pallamallawa,2399,Coffee shop,1
1545,Palm Beach,2108,Coffee shop,4
1546,Palmers Channel,2463,Coffee shop,0
1547,Palmers Island,2463,Coffee shop,0
1548,Pambula,2549,Coffee shop,5
1549,Pambula Beach,2549,Coffee shop,0
1550,Panania,2213,Coffee shop,5
1551,Parkes,2870,Coffee shop,12
1552,Parklea,2768,Coffee shop,2
1553,Parramatta,2150,Coffee shop,58
1554,Paterson,2421,Coffee shop,1
1555,Patonga,2256,Coffee shop,1
1556,Paxton,2325,Coffee shop,0
1557,Peak Hill,2869,Coffee shop,3
1558,Peakhurst,2210,Coffee shop,8
1559,Peakhurst Heights,2210,Coffee shop,1
1560,Pearl Beach,2256,Coffee shop,1
1561,Peats Ridge,2250,Coffee shop,3
1562,Pejar,2583,Coffee shop,0
1563,Pelaw Main,2327,Coffee shop,0
1564,Pelican,2281,Coffee shop,0
1565,Pemulwuy,2145,Coffee shop,4
1566,Pendle Hill,2145,Coffee shop,2
1567,Pennant Hills,2120,Coffee shop,7
1568,Penrith,2751,Coffee shop,56
1569,Penrose,2579,Coffee shop,1
1570,Penshurst,2222,Coffee shop,7
1571,Perisher Valley,2624,Coffee shop,7
1572,Perthville,2795,Coffee shop,0
1573,Petersham,2049,Coffee shop,16
1574,Pheasants Nest,2574,Coffee shop,0
1575,Phegans Bay,2256,Coffee shop,0
1576,Phillip Bay,2036,Coffee shop,1
1577,Picketts Valley,2251,Coffee shop,0
1578,Picnic Point,2213,Coffee shop,1
1579,Picton,2571,Coffee shop,10
1580,Pillar Valley,2462,Coffee shop,0
1581,Pinny Beach,2281,Coffee shop,0
1582,Pitt Town,2756,Coffee shop,3
1583,Pleasure Point,2172,Coffee shop,0
1584,Plumpton,2761,Coffee shop,8
1585,Point Clare,2250,Coffee shop,2
1586,Point Frederick,2250,Coffee shop,0
1587,Point Piper,2027,Coffee shop,0
1588,Pokolbin,2320,Coffee shop,13
1589,Polo Flat,2630,Coffee shop,1
1590,Port Botany,2036,Coffee shop,1
1591,Port Hacking,2229,Coffee shop,0
1592,Port Kembla,2505,Coffee shop,7
1593,Port Macquarie,2444,Coffee shop,58
1594,Portland,2847,Coffee shop,1
1595,Possum Creek,2479,Coffee shop,0
1596,Pottery Estate,2790,Coffee shop,0
1597,Potts Point,2011,Coffee shop,39
1598,Pottsville,2489,Coffee shop,4
1599,Prairiewood,2176,Coffee shop,2
1600,Premer,2381,Coffee shop,0
1601,Prestons,2170,Coffee shop,8
1602,Pretty Beach,2539,Coffee shop,0
1603,Primbee,2502,Coffee shop,1
1604,Prospect,2148,Coffee shop,4
1605,Pucawan,2666,Coffee shop,0
1606,Puddledock,2350,Coffee shop,0
1607,Pullabooka,2810,Coffee shop,0
1608,Punchbowl,2460,Coffee shop,9
1609,Purfleet,2430,Coffee shop,0
1610,Putney,2112,Coffee shop,3
1611,Putta Bucca,2850,Coffee shop,0
1612,Putty,2330,Coffee shop,1
1613,Pymble,2073,Coffee shop,7
1614,Pyree,2540,Coffee shop,1
1615,Pyrmont,2009,Coffee shop,41
1616,Quaama,2550,Coffee shop,0
1617,Quakers Hill,2763,Coffee shop,4
1618,Quandary,2666,Coffee shop,0
1619,Quandialla,2721,Coffee shop,1
1620,Queanbeyan,2620,Coffee shop,15
1621,Queanbeyan East,2620,Coffee shop,1
1622,Queanbeyan West,2620,Coffee shop,2
1623,Queens Park,2022,Coffee shop,2
1624,Queenscliff,2096,Coffee shop,0
1625,Quipolly,2343,Coffee shop,0
1626,Quirindi,2343,Coffee shop,3
1627,Quorrobolong,2325,Coffee shop,0
1628,Raby,2566,Coffee shop,0
1629,Raglan,2795,Coffee shop,0
1630,Rainbow Flat,2430,Coffee shop,0
1631,Rainbow Reach,2440,Coffee shop,0
1632,Ramornie,2460,Coffee shop,0
1633,Ramsgate,2217,Coffee shop,7
1634,Ramsgate Beach,2217,Coffee shop,3
1635,Randwick,2031,Coffee shop,41
1636,Rankin Park,2287,Coffee shop,0
1637,Rankins Springs,2669,Coffee shop,0
1638,Rappville,2469,Coffee shop,0
1639,Rathmines,2283,Coffee shop,2
1640,Ravensworth,2330,Coffee shop,0
1641,Raworth,2321,Coffee shop,0
1642,Raymond Terrace,2324,Coffee shop,14
1643,Razorback,2850,Coffee shop,0
1644,Red Head,2430,Coffee shop,0
1645,Red Rock,2456,Coffee shop,0
1646,Redfern,2016,Coffee shop,35
1647,Redhead,2290,Coffee shop,4
1648,Reefton,2666,Coffee shop,0
1649,Regents Park,2143,Coffee shop,2
1650,Regentville,2745,Coffee shop,0
1651,Rennie,2646,Coffee shop,0
1652,Repton,2454,Coffee shop,0
1653,Reserve Creek,2484,Coffee shop,0
1654,Revesby,2212,Coffee shop,18
1655,Revesby Heights,2212,Coffee shop,1
1656,Rhodes,2138,Coffee shop,19
1657,Richmond,2755,Coffee shop,8
1658,Riverstone,2765,Coffee shop,4
1659,Riverview,2066,Coffee shop,1
1660,Riverwood,2210,Coffee shop,12
1661,Robertson,2577,Coffee shop,5
1662,Robin Hill,2795,Coffee shop,1
1663,Rockdale,2216,Coffee shop,19
1664,Rodd Point,2046,Coffee shop,1
1665,Rookwood,2141,Coffee shop,2
1666,Rooty Hill,2766,Coffee shop,4
1667,Ropes Crossing,2760,Coffee shop,0
1668,Rose Bay,2029,Coffee shop,23
1669,Rosebery,2018,Coffee shop,21
1670,Rosedale,2536,Coffee shop,0
1671,Rosehill,2142,Coffee shop,6
1672,Roselands,2196,Coffee shop,17
1673,Rosemeadow,2560,Coffee shop,2
1674,Roseville,2069,Coffee shop,4
1675,Roseville Chase,2069,Coffee shop,1
1676,Rossglen,2439,Coffee shop,0
1677,Rossmore,2557,Coffee shop,0
1678,Rothbury,2320,Coffee shop,2
1679,Rouse Hill,2155,Coffee shop,24
1680,Royalla,2620,Coffee shop,0
1681,Rozelle,2039,Coffee shop,17
1682,Rukenvale,2474,Coffee shop,0
1683,Running Stream,2850,Coffee shop,1
1684,Ruse,2560,Coffee shop,0
1685,Rushcutters Bay,2011,Coffee shop,6
1686,Russell Lea,2046,Coffee shop,0
1687,Russell Vale,2517,Coffee shop,2
1688,Rutherford,2320,Coffee shop,6
1689,Rydal,2790,Coffee shop,0
1690,Rydalmere,2116,Coffee shop,11
1691,Ryde,2112,Coffee shop,21
1692,Ryhope,2283,Coffee shop,0
1693,Rylstone,2849,Coffee shop,5
1694,Sackville,2756,Coffee shop,0
1695,Sadleir,2168,Coffee shop,0
1696,Salamander Bay,2317,Coffee shop,9
1697,Salt Ash,2318,Coffee shop,1
1698,San Remo,2262,Coffee shop,2
1699,Sancrox,2446,Coffee shop,1
1700,Sanctuary Point,2540,Coffee shop,5
1701,Sandy Beach,2456,Coffee shop,1
1702,Sandy Hollow,2333,Coffee shop,0
1703,Sandy Point,2172,Coffee shop,0
1704,Sans Souci,2219,Coffee shop,7
1705,Sapphire Beach,2450,Coffee shop,1
1706,Saratoga,2251,Coffee shop,1
1707,Saumarez Ponds,2350,Coffee shop,0
1708,Sawtell,2452,Coffee shop,6
1709,Scarborough,2515,Coffee shop,1
1710,Scheyville,2756,Coffee shop,0
1711,Schofields,2762,Coffee shop,4
1712,Scone,2337,Coffee shop,8
1713,Scotland Island,2105,Coffee shop,0
1714,Scotts Head,2447,Coffee shop,4
1715,Seaforth,2092,Coffee shop,7
1716,Seaham,2324,Coffee shop,1
1717,Seahampton,2286,Coffee shop,0
1718,Seelands,2460,Coffee shop,0
1719,Sefton,2162,Coffee shop,3
1720,Seven Hills,2147,Coffee shop,15
1721,Shalvey,2770,Coffee shop,0
1722,Shanes Park,2747,Coffee shop,0
1723,Shannon Brook,2470,Coffee shop,0
1724,Shannons Flat,2630,Coffee shop,0
1725,Shell Cove,2529,Coffee shop,3
1726,Shellharbour,2529,Coffee shop,12
1727,Shellharbour City Centre,2529,Coffee shop,7
1728,Shelly Beach,2261,Coffee shop,1
1729,Shoal Bay,2315,Coffee shop,3
1730,Shoalhaven Heads,2535,Coffee shop,0
1731,Shortland,2307,Coffee shop,3
1732,Silverdale,2752,Coffee shop,0
1733,Silverwater,2264,Coffee shop,10
1734,Singleton,2330,Coffee shop,15
1735,Singleton Heights,2330,Coffee shop,1
1736,Skennars Head,2478,Coffee shop,0
1737,Skillion Flat,2440,Coffee shop,0
1738,Smeaton Grange,2567,Coffee shop,4
1739,Smithfield,2164,Coffee shop,10
1740,Smiths Lake,2428,Coffee shop,2
1741,Sofala,2795,Coffee shop,1
1742,Soldiers Point,2317,Coffee shop,3
1743,Somersby,2250,Coffee shop,3
1744,South Albury,2640,Coffee shop,6
1745,South Bathurst,2795,Coffee shop,1
1746,South Bowenfels,2790,Coffee shop,1
1747,South Coogee,2034,Coffee shop,2
1748,South Durras,2536,Coffee shop,0
1749,South Golden Beach,2483,Coffee shop,1
1750,South Grafton,2460,Coffee shop,8
1751,South Granville,2142,Coffee shop,2
1752,South Gundagai,2722,Coffee shop,0
1753,South Gundurimba,2480,Coffee shop,0
1754,South Hurstville,2221,Coffee shop,4
1755,South Kempsey,2440,Coffee shop,2
1756,South Lismore,2480,Coffee shop,4
1757,South Maitland,2320,Coffee shop,0
1758,South Maroota,2756,Coffee shop,0
1759,South Murwillumbah,2484,Coffee shop,4
1760,South Nowra,2541,Coffee shop,7
1761,South Pambula,2549,Coffee shop,1
1762,South Penrith,2750,Coffee shop,2
1763,South Tamworth,2340,Coffee shop,4
1764,South Turramurra,2074,Coffee shop,1
1765,South Wentworthville,2145,Coffee shop,0
1766,South West Rocks,2431,Coffee shop,9
1767,South Windsor,2756,Coffee shop,2
1768,Speers Point,2284,Coffee shop,3
1769,Spencer,2775,Coffee shop,0
1770,Spring Farm,2570,Coffee shop,2
1771,Spring Hill,2800,Coffee shop,0
1772,Spring Ridge,2343,Coffee shop,0
1773,Springdale,2666,Coffee shop,0
1774,Springdale Heights,2641,Coffee shop,0
1775,Springfield,2630,Coffee shop,0
1776,Springwood,2777,Coffee shop,12
1777,St Albans,2775,Coffee shop,0
1778,St Andrews,2566,Coffee shop,2
1779,St Clair,2759,Coffee shop,6
1780,St Georges Basin,2540,Coffee shop,2
1781,St Helens Park,2560,Coffee shop,0
1782,St Huberts Island,2257,Coffee shop,0
1783,St Ives,2075,Coffee shop,0
1784,St Ives Chase,2075,Coffee shop,0
1785,St Johns Park,2176,Coffee shop,0
1786,St Leonards,2065,Coffee shop,35
1787,St Marys,2760,Coffee shop,17
1788,St Peters,2044,Coffee shop,11
1789,Stanbridge,2705,Coffee shop,0
1790,Stanford Merthyr,2327,Coffee shop,0
1791,Stanhope Gardens,2768,Coffee shop,8
1792,Stanmore,2048,Coffee shop,11
1793,Stanwell Park,2508,Coffee shop,5
1794,Stanwell Tops,2508,Coffee shop,1
1795,Stockinbingal,2725,Coffee shop,1
1796,Stockton,2295,Coffee shop,2
1797,Stokers Siding,2484,Coffee shop,1
1798,Stony Chute,2480,Coffee shop,0
1799,Stratford,2422,Coffee shop,0
1800,Strathfield,2135,Coffee shop,23
1801,Strathfield South,2136,Coffee shop,0
1802,Stroud,2425,Coffee shop,1
1803,Stroud Road,2415,Coffee shop,0
1804,Stuart Town,2820,Coffee shop,0
1805,Stuarts Point,2441,Coffee shop,2
1806,Stubbo,2852,Coffee shop,0
1807,Suffolk Park,2481,Coffee shop,0
1808,Summer Hill,2800,Coffee shop,11
1809,Summerland Point,2259,Coffee shop,1
1810,Sun Valley,2777,Coffee shop,0
1811,Sunshine Bay,2536,Coffee shop,0
1812,Surf Beach,2536,Coffee shop,2
1813,Surfside,2536,Coffee shop,0
1814,Surry Hills,2010,Coffee shop,58
1815,Sussex Inlet,2540,Coffee shop,3
1816,Sutherland,2232,Coffee shop,15
1817,Sutton,2620,Coffee shop,0
1818,Sutton Forest,2577,Coffee shop,4
1819,Swan Bay,2471,Coffee shop,0
1820,Swanhaven,2540,Coffee shop,0
1821,Swansea,2281,Coffee shop,5
1822,Swansea Heads,2281,Coffee shop,0
1823,Sydenham,2044,Coffee shop,5
1824,Sydney,2001,Coffee shop,47
1825,Sydney Olympic Park,2127,Coffee shop,21
1826,Sylvania,2224,Coffee shop,7
1827,Sylvania Waters,2224,Coffee shop,4
1828,Tabulam,2469,Coffee shop,1
1829,Tacoma South,2259,Coffee shop,0
1830,Tahmoor,2573,Coffee shop,3
1831,Talbingo,2720,Coffee shop,0
1832,Tallimba,2669,Coffee shop,0
1833,Tallong,2579,Coffee shop,1
1834,Tamarama,2026,Coffee shop,2
1835,Tamban,2441,Coffee shop,0
1836,Tambar Springs,2381,Coffee shop,0
1837,Taminda,2340,Coffee shop,1
1838,Tamworth,2340,Coffee shop,34
1839,Tanilba Bay,2319,Coffee shop,1
1840,Tanja,2550,Coffee shop,0
1841,Tantonan,2731,Coffee shop,0
1842,Tarago,2580,Coffee shop,0
1843,Taralga,2580,Coffee shop,2
1844,Tarana,2787,Coffee shop,1
1845,Tarbuck Bay,2428,Coffee shop,0
1846,Tarcutta,2652,Coffee shop,2
1847,Taree,2430,Coffee shop,27
1848,Taree South,2430,Coffee shop,1
1849,Taren Point,2229,Coffee shop,7
1850,Tarrawanna,2518,Coffee shop,2
1851,Tarro,2322,Coffee shop,0
1852,Tascott,2250,Coffee shop,0
1853,Tathra,2550,Coffee shop,5
1854,Tatton,2650,Coffee shop,0
1855,Taylors Beach,2316,Coffee shop,1
1856,Tea Gardens,2324,Coffee shop,4
1857,Telarah,2320,Coffee shop,0
1858,Telegraph Point,2441,Coffee shop,0
1859,Telopea,2117,Coffee shop,2
1860,Temora,2666,Coffee shop,8
1861,Tempe,2044,Coffee shop,3
1862,Tenambit,2323,Coffee shop,1
1863,Tennyson Point,2111,Coffee shop,0
1864,Tenterfield,2372,Coffee shop,13
1865,Teralba,2284,Coffee shop,3
1866,Terara,2540,Coffee shop,0
1867,Termeil,2539,Coffee shop,0
1868,Terranora,2486,Coffee shop,1
1869,Terrey Hills,2084,Coffee shop,10
1870,Terrigal,2260,Coffee shop,15
1871,Teven,2478,Coffee shop,0
1872,The Channon,2480,Coffee shop,2
1873,The Entrance,2261,Coffee shop,14
1874,The Entrance North,2261,Coffee shop,1
1875,The Junction,2291,Coffee shop,5
1876,The Oaks,2570,Coffee shop,5
1877,The Ponds,2769,Coffee shop,3
1878,The Risk,2474,Coffee shop,0
1879,The Rock,2655,Coffee shop,0
1880,The Rocks,2795,Coffee shop,17
1881,Theresa Park,2570,Coffee shop,0
1882,Thirlmere,2572,Coffee shop,1
1883,Thirroul,2515,Coffee shop,17
1884,Thora,2454,Coffee shop,0
1885,Thornleigh,2120,Coffee shop,10
1886,Thornton,2322,Coffee shop,5
1887,Thredbo,2625,Coffee shop,5
1888,Thrumster,2444,Coffee shop,3
1889,Thurgoona,2640,Coffee shop,7
1890,Tighes Hill,2297,Coffee shop,3
1891,Tilba Tilba,2546,Coffee shop,1
1892,Timbumburi,2340,Coffee shop,0
1893,Tingha,2369,Coffee shop,2
1894,Tingira Heights,2290,Coffee shop,0
1895,Tinonee,2430,Coffee shop,0
1896,Tintenbar,2478,Coffee shop,0
1897,Tintinhull,2352,Coffee shop,0
1898,Tiona,2428,Coffee shop,0
1899,Tirrannaville,2580,Coffee shop,0
1900,Tocumwal,2714,Coffee shop,4
1901,Tolland,2650,Coffee shop,0
1902,Tomago,2322,Coffee shop,1
1903,Tomakin,2537,Coffee shop,2
1904,Tomerong,2540,Coffee shop,2
1905,Tomingley,2869,Coffee shop,0
1906,Tooleybuc,2736,Coffee shop,0
1907,Tooma,2642,Coffee shop,0
1908,Toongabbie,2146,Coffee shop,3
1909,Toormina,2452,Coffee shop,3
1910,Tootool,2655,Coffee shop,0
1911,Toowoon Bay,2261,Coffee shop,4
1912,Toronto,2283,Coffee shop,6
1913,Toukley,2263,Coffee shop,9
1914,Townsend,2463,Coffee shop,0
1915,Towradgi,2518,Coffee shop,2
1916,Towrang,2580,Coffee shop,0
1917,Trangie,2823,Coffee shop,1
1918,Tregear,2770,Coffee shop,0
1919,Trentham Cliffs,2738,Coffee shop,0
1920,Trundle,2875,Coffee shop,2
1921,Trunkey Creek,2795,Coffee shop,0
1922,Tubbul,2594,Coffee shop,0
1923,Tucki Tucki,2480,Coffee shop,0
1924,Tuena,2583,Coffee shop,0
1925,Tuggerah,2259,Coffee shop,18
1926,Tuggerawong,2259,Coffee shop,0
1927,Tullamore,2874,Coffee shop,0
1928,Tullarwalla,2540,Coffee shop,0
1929,Tullera,2480,Coffee shop,1
1930,Tullibigeal,2669,Coffee shop,1
1931,Tullimbar,2527,Coffee shop,0
1932,Tumbarumba,2653,Coffee shop,4
1933,Tumbi Umbi,2261,Coffee shop,3
1934,Tumblong,2729,Coffee shop,1
1935,Tumbulgum,2490,Coffee shop,3
1936,Tumut,2720,Coffee shop,8
1937,Tuncurry,2428,Coffee shop,9
1938,Tuntable Creek,2480,Coffee shop,0
1939,Tura Beach,2548,Coffee shop,2
1940,Tuross Head,2537,Coffee shop,3
1941,Turramurra,2074,Coffee shop,5
1942,Turrella,2205,Coffee shop,0
1943,Turvey Park,2650,Coffee shop,2
1944,Tweed Heads,2485,Coffee shop,11
1945,Tweed Heads South,2486,Coffee shop,21
1946,Tweed Heads West,2485,Coffee shop,0
1947,Tyagarah,2481,Coffee shop,0
1948,Tyalgum,2484,Coffee shop,3
1949,Uki,2484,Coffee shop,3
1950,Ulamambri,2357,Coffee shop,0
1951,Ulladulla,2539,Coffee shop,16
1952,Ulmarra,2462,Coffee shop,3
1953,Ulong,2450,Coffee shop,1
1954,Ultimo,2007,Coffee shop,30
1955,Umina Beach,2257,Coffee shop,14
1956,Unanderra,2526,Coffee shop,9
1957,Ungarie,2669,Coffee shop,0
1958,Upper Burringbar,2483,Coffee shop,0
1959,Upper Manilla,2346,Coffee shop,0
1960,Upper Myall,2423,Coffee shop,0
1961,Upper Wilsons Creek,2482,Coffee shop,0
1962,Uralla,2358,Coffee shop,4
1963,Urana,2645,Coffee shop,2
1964,Uranquinty,2652,Coffee shop,1
1965,Urbenville,2475,Coffee shop,0
1966,Urunga,2455,Coffee shop,7
1967,Utungun,2447,Coffee shop,0
1968,Vacy,2421,Coffee shop,1
1969,Valentine,2280,Coffee shop,2
1970,Valla,2448,Coffee shop,1
1971,Valla Beach,2448,Coffee shop,2
1972,Valley Heights,2777,Coffee shop,0
1973,Varroville,2566,Coffee shop,0
1974,Vaucluse,2030,Coffee shop,4
1975,Villawood,2163,Coffee shop,5
1976,Vincentia,2540,Coffee shop,5
1977,Vineyard,2765,Coffee shop,1
1978,Vittoria,2799,Coffee shop,1
1979,Voyager Point,2172,Coffee shop,0
1980,Wadalba,2259,Coffee shop,3
1981,Wadbilliga,2546,Coffee shop,0
1982,Wagga Wagga,2650,Coffee shop,46
1983,Wagstaffe,2257,Coffee shop,0
1984,Wahroonga,2076,Coffee shop,13
1985,Waitara,2077,Coffee shop,4
1986,Wakeley,2176,Coffee shop,1
1987,Wakool,2710,Coffee shop,1
1988,Walcha,2354,Coffee shop,0
1989,Walcha Road,2354,Coffee shop,7
1990,Walgett,2832,Coffee shop,0
1991,Walla Walla,2659,Coffee shop,1
1992,Wallabadah,2343,Coffee shop,0
1993,Wallabi Point,2430,Coffee shop,1
1994,Wallacia,2745,Coffee shop,1
1995,Wallaga Lake,2546,Coffee shop,0
1996,Wallagoot,2550,Coffee shop,0
1997,Wallalong,2320,Coffee shop,0
1998,Wallarah,2259,Coffee shop,0
1999,Wallarobba,2420,Coffee shop,1
2000,Wallendbeen,2588,Coffee shop,0
2001,Wallerawang,2845,Coffee shop,2
2002,Wallsend,2287,Coffee shop,11
2003,Wamberal,2260,Coffee shop,7
2004,Wamboin,2620,Coffee shop,0
2005,Wambool,2795,Coffee shop,0
2006,Wandandian,2540,Coffee shop,0
2007,Wangi Wangi,2267,Coffee shop,2
2008,Warabrook,2304,Coffee shop,2
2009,Waratah,2298,Coffee shop,4
2010,Waratah West,2298,Coffee shop,0
2011,Wardell,2477,Coffee shop,1
2012,Wards River,2422,Coffee shop,1
2013,Wareemba,2046,Coffee shop,3
2014,Warialda,2402,Coffee shop,2
2015,Warialda Rail,2402,Coffee shop,0
2016,Warilla,2528,Coffee shop,7
2017,Warners Bay,2282,Coffee shop,15
2018,Warnervale,2259,Coffee shop,3
2019,Warragai Creek,2460,Coffee shop,0
2020,Warragamba,2752,Coffee shop,2
2021,Warragoon,2710,Coffee shop,1
2022,Warral,2340,Coffee shop,0
2023,Warrawee,2074,Coffee shop,0
2024,Warrawong,2502,Coffee shop,10
2025,Warrell Creek,2447,Coffee shop,0
2026,Warren,2824,Coffee shop,1
2027,Warriewood,2102,Coffee shop,19
2028,Warrimoo,2774,Coffee shop,0
2029,Warwick Farm,2170,Coffee shop,4
2030,Watanobbi,2259,Coffee shop,0
2031,Waterfall,2233,Coffee shop,0
2032,Waterloo,2017,Coffee shop,35
2033,Waterview Heights,2460,Coffee shop,0
2034,Watsons Bay,2030,Coffee shop,4
2035,Wattamondara,2794,Coffee shop,0
2036,Wattle Flat,2795,Coffee shop,1
2037,Wattle Grove,2173,Coffee shop,1
2038,Wauchope,2446,Coffee shop,10
2039,Waverley,2024,Coffee shop,5
2040,Waverly,2337,Coffee shop,0
2041,Waverton,2060,Coffee shop,5
2042,Wedderburn,2560,Coffee shop,0
2043,Wee Jasper,2582,Coffee shop,1
2044,Wee Waa,2388,Coffee shop,1
2045,Weedallion,2594,Coffee shop,0
2046,Weetaliba,2395,Coffee shop,0
2047,Weethalle,2669,Coffee shop,0
2048,Weismantels,2415,Coffee shop,0
2049,Welby,2575,Coffee shop,1
2050,Wellington,2820,Coffee shop,5
2051,Wells Crossing,2460,Coffee shop,0
2052,Wentworth,2648,Coffee shop,0
2053,Wentworth Falls,2782,Coffee shop,7
2054,Wentworth Point,2127,Coffee shop,6
2055,Wentworthville,2145,Coffee shop,7
2056,Werombi,2570,Coffee shop,0
2057,Werri Beach,2534,Coffee shop,0
2058,Werrington,2747,Coffee shop,4
2059,Werrington County,2747,Coffee shop,0
2060,Werrington Downs,2747,Coffee shop,0
2061,Werris Creek,2341,Coffee shop,2
2062,West Albury,2640,Coffee shop,1
2063,West Ballina,2478,Coffee shop,2
2064,West Bathurst,2795,Coffee shop,0
2065,West Gosford,2250,Coffee shop,9
2066,West Hoxton,2171,Coffee shop,0
2067,West Kempsey,2440,Coffee shop,2
2068,West Nowra,2541,Coffee shop,0
2069,West Pennant Hills,2125,Coffee shop,6
2070,West Pymble,2073,Coffee shop,3
2071,West Ryde,2114,Coffee shop,15
2072,West Tamworth,2340,Coffee shop,8
2073,West Wallsend,2286,Coffee shop,0
2074,West Wiangaree,2474,Coffee shop,0
2075,West Wollongong,2500,Coffee shop,1
2076,West Wyalong,2671,Coffee shop,6
2077,Westbrook,2330,Coffee shop,1
2078,Westdale,2653,Coffee shop,0
2079,Westleigh,2120,Coffee shop,1
2080,Westmead,2145,Coffee shop,12
2081,Weston,2326,Coffee shop,0
2082,Wetherill Park,2164,Coffee shop,24
2083,Whalan,2770,Coffee shop,0
2084,Whale Beach,2107,Coffee shop,1
2085,Wheeler Heights,2097,Coffee shop,0
2086,Whitebridge,2290,Coffee shop,2
2087,Whiteman Creek,2460,Coffee shop,0
2088,Whittingham,2330,Coffee shop,0
2089,Whitton,2705,Coffee shop,0
2090,Wiangaree,2474,Coffee shop,0
2091,Wickham,2293,Coffee shop,8
2092,Wilberforce,2756,Coffee shop,0
2093,Wiley Park,2195,Coffee shop,1
2094,Willawarrin,2440,Coffee shop,0
2095,Willbriggie,2680,Coffee shop,3
2096,Williamtown,2318,Coffee shop,6
2097,Willmot,2770,Coffee shop,0
2098,Willoughby,2068,Coffee shop,10
2099,Willoughby East,2068,Coffee shop,0
2100,Willow Tree,2339,Coffee shop,3
2101,Wilton,2571,Coffee shop,3
2102,Wimbledon,2795,Coffee shop,0
2103,Windale,2306,Coffee shop,0
2104,Windang,2528,Coffee shop,1
2105,Windella,2320,Coffee shop,0
2106,Windermere Park,2264,Coffee shop,0
2107,Windradyne,2795,Coffee shop,1
2108,Windsor,2756,Coffee shop,18
2109,Windsor Downs,2756,Coffee shop,0
2110,Wingello,2579,Coffee shop,1
2111,Wingen,2337,Coffee shop,0
2112,Wingham,2429,Coffee shop,7
2113,Winmalee,2777,Coffee shop,4
2114,Winston Hills,2153,Coffee shop,4
2115,Wirragulla,2420,Coffee shop,0
2116,Wirrimbi,2447,Coffee shop,0
2117,Wirrinya,2871,Coffee shop,0
2118,Wisemans Ferry,2775,Coffee shop,2
2119,Wolgan Valley,2790,Coffee shop,0
2120,Wollar,2850,Coffee shop,0
2121,Wolli Creek,2205,Coffee shop,10
2122,Wollombi,2325,Coffee shop,3
2123,Wollongbar,2477,Coffee shop,2
2124,Wollongong,2520,Coffee shop,55
2125,Wollstonecraft,2065,Coffee shop,2
2126,Wollumboola,2540,Coffee shop,0
2127,Wollun,2354,Coffee shop,0
2128,Wolumla,2550,Coffee shop,0
2129,Wombarra,2515,Coffee shop,0
2130,Wombat,2587,Coffee shop,0
2131,Wombeyan Caves,2580,Coffee shop,1
2132,Womboota,2731,Coffee shop,0
2133,Wondabyne,2256,Coffee shop,0
2134,Wondalga,2729,Coffee shop,0
2135,Wongarbon,2831,Coffee shop,0
2136,Wongawilli,2530,Coffee shop,0
2137,Wongwibinda,2350,Coffee shop,0
2138,Woodberry,2322,Coffee shop,0
2139,Woodbine,2560,Coffee shop,2
2140,Woodburn,2538,Coffee shop,4
2141,Woodcroft,2767,Coffee shop,1
2142,Woodenbong,2476,Coffee shop,1
2143,Woodford,2778,Coffee shop,0
2144,Woodford Island,2463,Coffee shop,0
2145,Woodlawn,2480,Coffee shop,0
2146,Woodpark,2164,Coffee shop,1
2147,Woodrising,2284,Coffee shop,0
2148,Woodstock,2793,Coffee shop,1
2149,Woodville,2321,Coffee shop,0
2150,Woolbrook,2354,Coffee shop,0
2151,Woolgoolga,2456,Coffee shop,10
2152,Wooli,2462,Coffee shop,0
2153,Woollahra,2025,Coffee shop,13
2154,Woollamia,2540,Coffee shop,0
2155,Woolloomooloo,2011,Coffee shop,11
2156,Woolooware,2230,Coffee shop,1
2157,Wooloweyah,2464,Coffee shop,0
2158,Woolwich,2110,Coffee shop,3
2159,Woomargama,2644,Coffee shop,1
2160,Woombah,2469,Coffee shop,0
2161,Woongarrah,2259,Coffee shop,0
2162,Woonona,2517,Coffee shop,11
2163,Wootton,2423,Coffee shop,1
2164,Woronora,2232,Coffee shop,2
2165,Woronora Heights,2233,Coffee shop,0
2166,Worrigee,2540,Coffee shop,0
2167,Woy Woy,2256,Coffee shop,13
2168,Woy Woy Bay,2256,Coffee shop,0
2169,Wyalong,2671,Coffee shop,1
2170,Wyangala,2808,Coffee shop,0
2171,Wyee,2259,Coffee shop,2
2172,Wyee Point,2259,Coffee shop,0
2173,Wymah,2640,Coffee shop,0
2174,Wyoming,2250,Coffee shop,6
2175,Wyong,2259,Coffee shop,9
2176,Wyong Creek,2259,Coffee shop,0
2177,Wyongah,2259,Coffee shop,0
2178,Yagoona,2199,Coffee shop,3
2179,Yallah,2530,Coffee shop,2
2180,Yamba,2464,Coffee shop,17
2181,Yanco,2703,Coffee shop,0
2182,Yanderra,2574,Coffee shop,1
2183,Yanga,2711,Coffee shop,0
2184,Yannergee,2343,Coffee shop,0
2185,Yarra,2580,Coffee shop,0
2186,Yarrabandai,2875,Coffee shop,0
2187,Yarramalong,2259,Coffee shop,2
2188,Yarramundi,2753,Coffee shop,0
2189,Yarravel,2440,Coffee shop,0
2190,Yarrawarrah,2233,Coffee shop,0
2191,Yarrawonga Park,2264,Coffee shop,0
2192,Yarrowyck,2358,Coffee shop,0
2193,Yass,2582,Coffee shop,13
2194,Yathella,2650,Coffee shop,0
2195,Yattalunga,2251,Coffee shop,0
2196,Yatte Yattah,2539,Coffee shop,1
2197,Yellow Rock,2777,Coffee shop,0
2198,Yenda,2681,Coffee shop,0
2199,Yennora,2161,Coffee shop,4
2200,Yeoval,2868,Coffee shop,2
2201,Yerong Creek,2642,Coffee shop,0
2202,Yerrinbool,2575,Coffee shop,0
2203,Yerriyong,2540,Coffee shop,1
2204,Yetholme,2795,Coffee shop,0
2205,Yetman,2410,Coffee shop,0
2206,Yoogali,2680,Coffee shop,1
2207,Young,2594,Coffee shop,8
2208,Yowie Bay,2228,Coffee shop,1
2209,Zetland,2017,Coffee shop,15
