suburb,id
Abbotsbury,1
Abbotsford,2
Abercrombie,3
Aberdare,4
Aberdeen,5
Aberglasslyn,6
Abermain,7
Abernethy,8
Acacia Creek,9
Acacia Gardens,10
Adaminaby,11
Adamstown,12
Adamstown Heights,13
Adelong,14
Agnes Banks,15
Airds,16
Albion Park,17
Albion Park Rail,18
Albury,19
Aldavilla,20
Alectown,21
Alexandria,22
Alfords Point,23
Alison,24
Allambie Heights,25
Allawah,26
Allworth,27
Alpine,28
Alstonville,29
Ambarvale,30
Anglers Reach,31
Angourie,32
Anna Bay,33
Annandale,34
Annangrove,35
Appin,36
Apple Tree Flat,37
Arakoon,38
Arcadia,39
Arcadia Vale,40
Ardlethan,41
Argenton,42
Ariah Park,43
Armatree,44
Armidale,45
Arncliffe,46
Arndell Park,47
Arrawarra,48
Arrawarra Headland,49
Artarmon,50
Ashbury,51
Ashcroft,52
Ashfield,53
Ashley,54
Ashmont,55
Ashtonfield,56
Asquith,57
Auburn,58
Austinmer,59
Austral,60
Avalon,61
Avalon Beach,62
Avoca Beach,63
Avondale,64
Avonside,65
Awaba,66
Baan Baa,67
Badgerys Creek,68
Balaclava,69
Balcolyn,70
Balgowlah,71
Balgowlah Heights,72
Balgownie,73
Ballina,74
Balmain,75
Balmain East,76
Bangalee,77
Bangalow,78
Bangor,79
Banksia,80
Banksmeadow,81
Bankstown,82
Bankstown Aerodrome,83
Banora Point,84
Bar Beach,85
Baradine,86
Barangaroo,87
Barden Ridge,88
Bardia,89
Bardwell Park,90
Bardwell Valley,91
Barellan,92
Bargo,93
Barham,94
Barmedman,95
Barnsley,96
Barraba,97
Barrack Heights,98
Barrack Point,99
Barrengarry,100
Barry,101
Basin View,102
Bass Hill,103
Bateau Bay,104
Batehaven,105
Batemans Bay,106
Bathurst,107
Batlow,108
Baulkham Hills,109
Bawley Point,110
Bayview,111
Beacon Hill,112
Beaconsfield,113
Beaumont Hills,114
Beckom,115
Beechwood,116
Beecroft,117
Beecroft Peninsula,118
Beelbangera,119
Bega,120
Belbora,121
Belfield,122
Belford,123
Belimbla Park,124
Bell,125
Bella Vista,126
Bellambi,127
Bellata,128
Bellawongarah,129
Bellbird,130
Bellbird Heights,131
Bellbrook,132
Bellevue Hill,133
Bellingen,134
Belmont,135
Belmont North,136
Belmont South,137
Belmore,138
Belrose,139
Bemboka,140
Ben Bullen,141
Benandarah,142
Bendalong,143
Bendemeer,144
Bendick Murrell,145
Benerembah,146
Bennetts Green,147
Bensville,148
Berala,149
Berambing,150
Beresfield,151
Bergalia,152
Berkeley,153
Berkeley Vale,154
Berkshire Park,155
Bermagui,156
Berowra,157
Berowra Creek,158
Berowra Heights,159
Berowra Waters,160
Berrara,161
Berridale,162
Berrigan,163
Berrilee,164
Berrima,165
Berry,166
Bethungra,167
Beverley Park,168
Beverly Hills,169
Bewong,170
Bexley,171
Bexley North,172
Bibbenluke,173
Bickley Vale,174
Bidwill,175
Bigga,176
Bilambil,177
Bilambil Heights,178
Bilbul,179
Bilgola,180
Bilgola Beach,181
Bilgola Plateau,182
Billimari,183
Billinudgel,184
Bilpin,185
Binalong,186
Bingara,187
Biniguy,188
Binnaway,189
Binya,190
Birchgrove,191
Birmingham Gardens,192
Birrong,193
Black Head,194
Black Hill,195
Black Springs,196
Blackalls Park,197
Blackbutt,198
Blackett,199
Blackheath,200
Blackmans Flat,201
Blackmans Point,202
Blacksmiths,203
Blacktown,204
Blackwall,205
Blair Athol,206
Blairmount,207
Blakebrook,208
Blakehurst,209
Blaxland,210
Blayney,211
Bligh Park,212
Blighty,213
Blue Bay,214
Blue Haven,215
Blue Knob,216
Blueys Beach,217
Boambee,218
Boambee East,219
Boat Harbour,220
Bobs Farm,221
Bodalla,222
Bogan Gate,223
Bogangar,224
Boggabilla,225
Boggabri,226
Bohena Creek,227
Bolivia,228
Bolton Point,229
Bolwarra,230
Bolwarra Heights,231
Bomaderry,232
Bombala,233
Bombira,234
Bombo,235
Bomen,236
Bonalbo,237
Bondi,238
Bondi Beach,239
Bondi Junction,240
Bonnells Bay,241
Bonnet Bay,242
Bonny Hills,243
Bonnyrigg,244
Bonnyrigg Heights,245
Bonville,246
Booker Bay,247
Boolaroo,248
Boomerang Beach,249
Booragul,250
Booral,251
Boorooma,252
Boorowa,253
Boree Creek,254
Borenore,255
Bossley Park,256
Bostobrick,257
Botany,258
Bouddi,259
Bourke,260
Bourkelands,261
Bournda,262
Bow Bowing,263
Bowen Mountain,264
Bowenfels,265
Bowning,266
Bowral,267
Bowraville,268
Box Hill,269
Bradbury,270
Braemar,271
Braidwood,272
Brandy Hill,273
Branxton,274
Breadalbane,275
Breakfast Point,276
Bredbo,277
Brewarrina,278
Brewongle,279
Bribbaree,280
Bridgman,281
Brightwaters,282
Bringelly,283
Broadmeadow,284
Broadwater,285
Brocklehurst,286
Brogans Creek,287
Brogo,288
Broke,289
Broken Head,290
Broken Hill,291
Bronte,292
Brooklyn,293
Brookvale,294
Broulee,295
Brownlow Hill,296
Brownsville,297
Brucedale,298
Brundee,299
Brunswick Heads,300
Bucca,301
Buchanan,302
Buckajo,303
Buddabadah,304
Budgee Budgee,305
Budgewoi,306
Buff Point,307
Bugaldie,308
Bulahdelah,309
Bulga,310
Bullaburra,311
Bullarah,312
Bulli,313
Bulliac,314
Bumbaldry,315
Bundagen,316
Bundanoon,317
Bundarra,318
Bundeena,319
Bundook,320
Bungarribee,321
Bungendore,322
Bungonia,323
Bungwahl,324
Buronga,325
Burraboi,326
Burradoo,327
Burraneer,328
Burrawang,329
Burrell Creek,330
Burren Junction,331
Burrill Lake,332
Burringbar,333
Burrundulla,334
Burwood,335
Burwood Heights,336
Busby,337
Bushells Ridge,338
Buttaba,339
Buttai,340
Buxton,341
Byabarra,342
Bylong,343
Byron Bay,344
Bywong,345
Cabarita,346
Cabarita Beach,347
Cabramatta,348
Cabramatta West,349
Cabramurra,350
Caddens,351
Calala,352
Calderwood,353
Caldwell,354
Calga,355
Callaghan,356
Callala Bay,357
Callala Beach,358
Cambewarra,359
Cambewarra Village,360
Cambridge Gardens,361
Cambridge Park,362
Camden,363
Camden Head,364
Camden Park,365
Camden South,366
Camellia,367
Cameron Park,368
Cammeray,369
Campbelltown,370
Camperdown,371
Campsie,372
Campvale,373
Cams Wharf,374
Canada Bay,375
Canadian Lead,376
Candelo,377
Cangai,378
Canley Heights,379
Canley Vale,380
Canobolas,381
Canoelands,382
Canowindra,383
Canterbury,384
Canton Beach,385
Capertee,386
Captains Flat,387
Caragabal,388
Carcoar,389
Cardiff,390
Cardiff Heights,391
Cardiff South,392
Carey Bay,393
Cargo,394
Caringbah,395
Caringbah South,396
Carlingford,397
Carlton,398
Carnes Hill,399
Carool,400
Caroona,401
Carramar,402
Carrington,403
Carroll,404
Carrs Creek,405
Carss Park,406
Cartwright,407
Cartwrights Hill,408
Carwoola,409
Casino,410
Cassilis,411
Castle Cove,412
Castle Doyle,413
Castle Hill,414
Castlecrag,415
Castlereagh,416
Casuarina,417
Casula,418
Catalina,419
Catherine Field,420
Catherine Hill Bay,421
Cathundral,422
Cattai,423
Caves Beach,424
Cawdor,425
Cawongla,426
Cecil Hills,427
Cecil Park,428
Centennial Park,429
Central Mangrove,430
Central Tilba,431
Cessnock,432
Chain Valley Bay,433
Chakola,434
Charbon,435
Charles Sturt University,436
Charlestown,437
Charlotte Bay,438
Charmhaven,439
Chatswood,440
Chatswood West,441
Chatsworth,442
Cheero Point,443
Cheltenham,444
Cherrybrook,445
Chester Hill,446
Chifley,447
Chilcotts Grass,448
Chillingham,449
Chinderah,450
Chippendale,451
Chipping Norton,452
Chisholm,453
Chiswick,454
Chittaway Bay,455
Chittaway Point,456
Chullora,457
Church Point,458
Clandulla,459
Claremont Meadows,460
Clarence,461
Clarence Town,462
Clarendon,463
Clarenza,464
Clareville,465
Claymore,466
Clearfield,467
Clemton Park,468
Clergate,469
Cliftleigh,470
Clifton,471
Clifton Grove,472
Clontarf,473
Clothiers Creek,474
Clovass,475
Clovelly,476
Clunes,477
Clyde,478
Coal Point,479
Coalcliff,480
Coasters Retreat,481
Cobar,482
Cobargo,483
Cobbadah,484
Cobbitty,485
Coffee Camp,486
Coffs Harbour,487
Coila,488
Colebee,489
Coledale,490
Collaroy,491
Collaroy Plateau,492
Collector,493
Collombatti,494
Colly Blue,495
Colo,496
Colo Vale,497
Colyton,498
Comberton,499
Comboyne,500
Como,501
Conargo,502
Concord,503
Concord West,504
Condell Park,505
Condobolin,506
Condong,507
Congarinni North,508
Coniston,509
Conjola,510
Conjola Park,511
Connells Point,512
Constitution Hill,513
Coogee,514
Cooks Hill,515
Coolac,516
Coolagolite,517
Coolah,518
Coolamon,519
Coolongolook,520
Cooma,521
Coomba Bay,522
Coomba Park,523
Coonabarabran,524
Coonamble,525
Coopernook,526
Coorabell,527
Cooranbong,528
Cootamundra,529
Cooyal,530
Copacabana,531
Copmanhurst,532
Coraki,533
Coramba,534
Cordeaux Heights,535
Corindi Beach,536
Corlette,537
Corney Town,538
Corowa,539
Corrimal,540
Corunna,541
Cottage Point,542
Couridjah,543
Coutts Crossing,544
Cowan,545
Cowra,546
Crackenback,547
Cranebrook,548
Crangan Bay,549
Craven,550
Cremorne,551
Cremorne Point,552
Crescent Head,553
Crestwood,554
Cringila,555
Cromer,556
Cronulla,557
Crookwell,558
Croudace Bay,559
Crowdy Head,560
Crows Nest,561
Crowther,562
Croydon,563
Croydon Park,564
Crystal Creek,565
Cudal,566
Cudgen,567
Cudmirrah,568
Culburra Beach,569
Culcairn,570
Cullen Bullen,571
Cullerin,572
Cumbalum,573
Cundletown,574
Cunjurong Point,575
Curl Curl,576
Curlwaa,577
Currabubula,578
Curramore,579
Currans Hill,580
Currarong,581
Currawong Beach,582
Daceyville,583
Dairymans Plains,584
Daleys Point,585
Dalgety,586
Dalmeny,587
Dandry,588
Dangar Island,589
Dapto,590
Darawank,591
Darbys Falls,592
Dareton,593
Dargan,594
Darkes Forest,595
Darling Point,596
Darlinghurst,597
Darlington,598
Daroobalgie,599
Davidson,600
Davistown,601
Dawes Point,602
Dean Park,603
Dee Why,604
Deep Creek,605
Deepwater,606
Delegate,607
Delungra,608
Denham Court,609
Deniliquin,610
Denistone,611
Denistone East,612
Denistone West,613
Denman,614
Derriwong,615
Deua,616
Dharruk,617
Dhuragoon,618
Diamond Beach,619
Dilkoon,620
Dirty Creek,621
Dolans Bay,622
Dolls Point,623
Doon Doon,624
Doonbah,625
Doonside,626
Dooralong,627
Dora Creek,628
Dorrigo,629
Dorroughby,630
Double Bay,631
Douglas Park,632
Dover Heights,633
Doyalson,634
Doyalson North,635
Drake Village,636
Drummoyne,637
Dubbo,638
Duckenfield,639
Dudley,640
Duffys Forest,641
Dulwich Hill,642
Dunbogan,643
Dundas,644
Dundas Valley,645
Dunedoo,646
Dungog,647
Dunkeld,648
Dunmore,649
Duns Creek,650
Dural,651
Duranbah,652
Duri,653
Durras North,654
Durren Durren,655
Dyers Crossing,656
Eagle Vale,657
Earlwood,658
East Albury,659
East Ballina,660
East Branxton,661
East Corrimal,662
East Gosford,663
East Gresford,664
East Hills,665
East Jindabyne,666
East Kangaloon,667
East Kempsey,668
East Killara,669
East Kurrajong,670
East Lindfield,671
East Lismore,672
East Lynne,673
East Maitland,674
East Ryde,675
East Tamworth,676
East Wagga Wagga,677
Eastern Creek,678
Eastgardens,679
Eastlakes,680
Eastwood,681
Eatonsville,682
Ebenezer,683
Ebor,684
Eden,685
Edensor Park,686
Edgecliff,687
Edgeroi,688
Edgeworth,689
Edith,690
Edmondson Park,691
Eglinton,692
Elands,693
Elanora Heights,694
Elderslie,695
Eleebana,696
Elermore Vale,697
Elizabeth Bay,698
Elizabeth Beach,699
Elizabeth Hills,700
Ellalong,701
Ellis Lane,702
Elong Elong,703
Elrington,704
Elsmore,705
Emerald Beach,706
Emerald Hill,707
Emerton,708
Emmaville,709
Empire Bay,710
Emu Heights,711
Emu Plains,712
Enfield,713
Engadine,714
Englorie Park,715
Enmore,716
Epping,717
Eraring,718
Erigolia,719
Erina,720
Erina Heights,721
Ermington,722
Erowal Bay,723
Erskine Park,724
Erskineville,725
Eschol Park,726
Estella,727
Ettalong Beach,728
Euabalong,729
Euabalong West,730
Euchareena,731
Eugowra,732
Eumungerie,733
Eunanoreenya,734
Eungai Creek,735
Eungai Rail,736
Eungella,737
Eureka,738
Eurunderee,739
Evans Head,740
Eveleigh,741
Ewingsdale,742
Exeter,743
Fairfield,744
Fairfield East,745
Fairfield Heights,746
Fairfield West,747
Fairlight,748
Fairy Hill,749
Fairy Meadow,750
Falls Creek,751
Farley,752
Farmborough Heights,753
Fassifern,754
Faulconbridge,755
Federal,756
Fennell Bay,757
Fern Bay,758
Fernbank Creek,759
Fernhill,760
Ferodale,761
Figtree,762
Fingal Bay,763
Fingal Head,764
Finley,765
Fishermans Paradise,766
Fishing Point,767
Fitzroy Falls,768
Five Dock,769
Fletcher,770
Flinders,771
Floraville,772
Forbes,773
Forbesdale,774
Forest Glen,775
Forest Lodge,776
Forestville,777
Forresters Beach,778
Forster,779
Fountaindale,780
Foxground,781
Frederickton,782
Freemans Reach,783
Freemans Waterhole,784
French Park,785
Frenchs Forest,786
Freshwater,787
Frogs Hollow,788
Fullerton Cove,789
Galong,790
Galston,791
Ganmain,792
Garden Suburb,793
Gateshead,794
Geehi,795
Gemalla,796
Georges Hall,797
Georges Plains,798
Georgetown,799
Gerogery,800
Gerringong,801
Gerroa,802
Geurie,803
Gibraltar Range,804
Gidginbung,805
Gilead,806
Gilgai,807
Gilgandra,808
Gillieston Heights,809
Girards Hill,810
Girilambone,811
Girral,812
Girraween,813
Gladesville,814
Gladstone,815
Glebe,816
Gledswood Hills,817
Glen Alpine,818
Glen Innes,819
Glen Oak,820
Glenbrook,821
Glencoe,822
Glendale,823
Glendenning,824
Glenfield,825
Glenfield Park,826
Glenhaven,827
Glenmore Park,828
Glennies Creek,829
Glenning Valley,830
Glenorie,831
Glenquarry,832
Glenreagh,833
Glenridding,834
Glenthorne,835
Glenwood,836
Glossodia,837
Gloucester,838
Gobbagombalin,839
Gol Gol,840
Gongolgon,841
Goobarragandra,842
Googong,843
Goolgowi,844
Goolmangar,845
Goonellabah,846
Goonengerry,847
Gordon,848
Gormans Hill,849
Gorokan,850
Gosford,851
Gostwyck,852
Goulburn,853
Grabben Gullen,854
Grafton,855
Grahamstown,856
Granville,857
Grasmere,858
Grassy Head,859
Grays Point,860
Great Mackerel Beach,861
Green Pigeon,862
Green Point,863
Green Valley,864
Greenacre,865
Greendale,866
Greenethorpe,867
Greenfield Park,868
Greengrove,869
Greenhill,870
Greenwell Point,871
Greenwich,872
Gregory Hills,873
Greigs Flat,874
Grenfell,875
Gresford,876
Greta,877
Greta Main,878
Greystanes,879
Griffith,880
Grong Grong,881
Grose Vale,882
Grose Wold,883
Guildford,884
Guildford West,885
Gulargambone,886
Gulgong,887
Gumly Gumly,888
Gundagai,889
Gundaroo,890
Gunderman,891
Gunnedah,892
Gunning,893
Gunningbland,894
Gurley,895
Guyra,896
Gwabegar,897
Gwandalan,898
Gwynneville,899
Gymea,900
Gymea Bay,901
Haberfield,902
Halekulani,903
Halfway Creek,904
Hallidays Point,905
Halloran,906
Hamilton,907
Hamilton East,908
Hamilton North,909
Hamilton South,910
Hamilton Valley,911
Hamlyn Terrace,912
Hammondville,913
Hampton,914
Hannam Vale,915
Hanwood,916
Harden,917
Hardys Bay,918
Harefield,919
Harpers Hill,920
Harrington,921
Harrington Park,922
Harris Park,923
Hartley,924
Hartley Vale,925
Harwood,926
Hassall Grove,927
Hastings Point,928
Havilah,929
Hawkesbury Heights,930
Hawks Nest,931
Hay,932
Haymarket,933
Haywards Bay,934
Hazelbrook,935
Heathcote,936
Heatherbrae,937
Hebersham,938
Heckenberg,939
Heddon Greta,940
Helensburgh,941
Henley,942
Henty,943
Hermidale,944
Hermitage Flat,945
Herons Creek,946
Hexham,947
Hill End,948
Hill Top,949
Hilldale,950
Hillsborough,951
Hillsdale,952
Hillvue,953
Hinchinbrook,954
Hobartville,955
Hogarth Range,956
Holbrook,957
Holgate,958
Holmesville,959
Holroyd,960
Holsworthy,961
Homebush,962
Homebush West,963
Horningsea Park,964
Hornsby,965
Hornsby Heights,966
Horsfield Bay,967
Horsley,968
Horsley Park,969
Howlong,970
Hoxton Park,971
Hunters Hill,972
Hunterview,973
Huntingwood,974
Huntley,975
Huntleys Cove,976
Huntleys Point,977
Hurlstone Park,978
Hurstville,979
Hurstville Grove,980
Huskisson,981
Hyams Beach,982
Ilarwill,983
Illawong,984
Iluka,985
Ingleburn,986
Ingleside,987
Inverell,988
Islington,989
Jackadgery,990
Jacky Bulbin Flat,991
Jamberoo,992
Jamisontown,993
Jannali,994
Jeir,995
Jellat Jellat,996
Jenolan,997
Jerilderie,998
Jerrabomberra,999
Jerrara,1000
Jerrawa,1001
Jerrys Plains,1002
Jesmond,1003
Jewells,1004
Jilliby,1005
Jindabyne,1006
Jindera,1007
Jingellic,1008
Johns River,1009
Jolly Nose,1010
Jordan Springs,1011
Jugiong,1012
Junction Hill,1013
Junee,1014
Kahibah,1015
Kalaru,1016
Kamarah,1017
Kanahooka,1018
Kandos,1019
Kangaloon,1020
Kangaroo Valley,1021
Kangy Angy,1022
Kanwal,1023
Kapooka,1024
Karaak Flat,1025
Karabar,1026
Kareela,1027
Kariong,1028
Karuah,1029
Katoomba,1030
Kearns,1031
Kearsley,1032
Keepit,1033
Keerrong,1034
Keiraville,1035
Kellyville,1036
Kellyville Ridge,1037
Kelso,1038
Kembla Grange,1039
Kembla Heights,1040
Kemps Creek,1041
Kempsey,1042
Kendall,1043
Kensington,1044
Kenthurst,1045
Kentlyn,1046
Kentucky,1047
Kentucky South,1048
Kerrabee,1049
Kerrs Creek,1050
Khancoban,1051
Kiama,1052
Kiama Downs,1053
Kiama Heights,1054
Kianga,1055
Kiar,1056
Kilaben Bay,1057
Kilgra,1058
Killara,1059
Killarney Heights,1060
Killarney Vale,1061
Killawarra,1062
Killcare,1063
Killcare Heights,1064
Killimicat,1065
Killingworth,1066
Kinchela,1067
Kincumber,1068
Kincumber South,1069
King Creek,1070
Kingfisher Shores,1071
Kings Langley,1072
Kings Park,1073
Kings Plains,1074
Kings Point,1075
Kingscliff,1076
Kingsford,1077
Kingsgrove,1078
Kingsvale,1079
Kingswood,1080
Kioloa,1081
Kirkham,1082
Kirrawee,1083
Kirribilli,1084
Kiwarrak,1085
Klori,1086
Knockrow,1087
Kogarah,1088
Kogarah Bay,1089
Koolewong,1090
Koolkhan,1091
Koonawarra,1092
Koonorigan,1093
Kooragang,1094
Koorawatha,1095
Kooringal,1096
Kootingal,1097
Koraleigh,1098
Korora,1099
Kotara,1100
Kotara South,1101
Krambach,1102
Kulnura,1103
Kundabung,1104
Kungala,1105
Kunghur,1106
Kurmond,1107
Kurnell,1108
Kurraba Point,1109
Kurrajong,1110
Kurrajong Heights,1111
Kurrajong Hills,1112
Kurri Kurri,1113
Kyalite,1114
Kyeemagh,1115
Kyle Bay,1116
Kyogle,1117
La Perouse,1118
Laffing Waters,1119
Laggan,1120
Laguna,1121
Lake Albert,1122
Lake Bathurst,1123
Lake Cargelligo,1124
Lake Cathie,1125
Lake Conjola,1126
Lake Cowal,1127
Lake George,1128
Lake Haven,1129
Lake Heights,1130
Lake Illawarra,1131
Lake Munmorah,1132
Lake Tabourie,1133
Lakemba,1134
Lakesland,1135
Lakewood,1136
Lalor Park,1137
Lambton,1138
Lane Cove,1139
Lane Cove North,1140
Lane Cove West,1141
Langley Vale,1142
Lanitza,1143
Lansdowne,1144
Lansvale,1145
Lapstone,1146
Largs,1147
Laughtondale,1148
Laurel Hill,1149
Laurieton,1150
Lavender Bay,1151
Lavington,1152
Lawson,1153
Leconfield,1154
Leeton,1155
Leichhardt,1156
Lemon Tree,1157
Lemon Tree Passage,1158
Len Waters Estate,1159
Lennox Head,1160
Leonay,1161
Leppington,1162
Lethbridge Park,1163
Leumeah,1164
Leura,1165
Lewisham,1166
Lidcombe,1167
Lidsdale,1168
Lightning Ridge,1169
Lilli Pilli,1170
Lillian Rock,1171
Lilyfield,1172
Limbri,1173
Limeburners Creek,1174
Limekilns,1175
Linden,1176
Lindendale,1177
Lindfield,1178
Linley Point,1179
Lisarow,1180
Lismore,1181
Lismore Heights,1182
Liston,1183
Lithgow,1184
Little Bay,1185
Little Hartley,1186
Little Pelican,1187
Little Plain,1188
Liverpool,1189
Llanarth,1190
Llandilo,1191
Llangothlin,1192
Lloyd,1193
Lochinvar,1194
Lockhart,1195
Loftus,1196
Loftville,1197
Londonderry,1198
Long Flat,1199
Long Jetty,1200
Long Point,1201
Longueville,1202
Lord Howe Island,1203
Lorn,1204
Louth Park,1205
Lovedale,1206
Lower Mangrove,1207
Lower Portland,1208
Lucas Heights,1209
Luddenham,1210
Lue,1211
Lugarno,1212
Lurnea,1213
Macksville,1214
Maclean,1215
Macmasters Beach,1216
Macquarie Fields,1217
Macquarie Hills,1218
Macquarie Links,1219
Macquarie Marshes,1220
Macquarie Park,1221
Maddens Plains,1222
Magenta,1223
Maianbar,1224
Maimuru,1225
Main Arm,1226
Maison Dieu,1227
Maitland,1228
Maitland Vale,1229
Malabar,1230
Mallabula,1231
Mallanganee,1232
Maloneys Beach,1233
Malua Bay,1234
Mandurama,1235
Mangerton,1236
Mangoola,1237
Mangrove Mountain,1238
Manildra,1239
Manilla,1240
Manly,1241
Manly Vale,1242
Mannering Park,1243
Manning Point,1244
Manyana,1245
Maraylya,1246
Marayong,1247
Marchmont,1248
Mardi,1249
Marks Point,1250
Marmong Point,1251
Maroota,1252
Maroubra,1253
Marrangaroo,1254
Marrar,1255
Marrickville,1256
Marsden Park,1257
Marsfield,1258
Martins Creek,1259
Martinsville,1260
Marulan,1261
Maryland,1262
Maryvale,1263
Maryville,1264
Mascot,1265
Matcham,1266
Mathoura,1267
Matong,1268
Matraville,1269
Mayfield,1270
Mayfield East,1271
Mayfield North,1272
Mayfield West,1273
Mays Hill,1274
Mcgraths Hill,1275
Meadow Flat,1276
Meadowbank,1277
Medlow Bath,1278
Medowie,1279
Medway,1280
Megalong Valley,1281
Melinga,1282
Melrose Park,1283
Menai,1284
Menangle,1285
Menangle Park,1286
Mendooran,1287
Merewether,1288
Merewether Heights,1289
Merimbula,1290
Merriwa,1291
Merriwagga,1292
Merrygoen,1293
Merrylands,1294
Merrylands West,1295
Merungle Hill,1296
Metford,1297
Michelago,1298
Middle Cove,1299
Middle Dural,1300
Middleton Grange,1301
Milbrodale,1302
Miller,1303
Millers Forest,1304
Millers Point,1305
Millfield,1306
Millingandi,1307
Millthorpe,1308
Milperra,1309
Milsons Point,1310
Milton,1311
Minchinbury,1312
Mindaribba,1313
Minmi,1314
Minnamurra,1315
Minnie Water,1316
Minore,1317
Minto,1318
Minto Heights,1319
Miranda,1320
Mirannie,1321
Mirrabooka,1322
Mittagong,1323
Moama,1324
Modanville,1325
Mogareeka,1326
Mogo,1327
Mollymook,1328
Mollymook Beach,1329
Molong,1330
Mona Vale,1331
Mondayong,1332
Monivae,1333
Monkerai,1334
Monteagle,1335
Montecollum,1336
Montefiores,1337
Monterey,1338
Mooball,1339
Moonan Flat,1340
Moonbi,1341
Moonee Beach,1342
Mooney Mooney,1343
Moore Creek,1344
Moore Park,1345
Moorebank,1346
Moorland,1347
Moorong,1348
Moree,1349
Morisset,1350
Morisset Park,1351
Morning Bay,1352
Mororo,1353
Morpeth,1354
Mortdale,1355
Mortlake,1356
Morts Estate,1357
Moruya,1358
Mosman,1359
Moss Vale,1360
Mossy Point,1361
Mount Annan,1362
Mount Burrell,1363
Mount Colah,1364
Mount Druitt,1365
Mount Fairy,1366
Mount Frome,1367
Mount George,1368
Mount Hunter,1369
Mount Hutton,1370
Mount Keira,1371
Mount Kembla,1372
Mount Knowles,1373
Mount Lambie,1374
Mount Lewis,1375
Mount Ousley,1376
Mount Panorama,1377
Mount Pleasant,1378
Mount Pritchard,1379
Mount Rankin,1380
Mount Riverview,1381
Mount Thorley,1382
Mount Tomah,1383
Mount Vernon,1384
Mount Victoria,1385
Mount View,1386
Mount Vincent,1387
Mount Warning,1388
Mount Warrigal,1389
Mount White,1390
Mudgee,1391
Mulbring,1392
Mulgoa,1393
Mulgrave,1394
Mullaley,1395
Mullaway,1396
Mullion Creek,1397
Mullumbimby,1398
Mulwala,1399
Mumbil,1400
Mummulgum,1401
Mundamia,1402
Mungindi,1403
Murrami,1404
Murray Downs,1405
Murrays Beach,1406
Murringo,1407
Murrumbateman,1408
Murrumburrah,1409
Murrurundi,1410
Murwillumbah,1411
Muscle Creek,1412
Muswellbrook,1413
Muttama,1414
Mylestom,1415
Mylneford,1416
Myocum,1417
Myola,1418
Myrtle Creek,1419
Nabiac,1420
Nambucca Heads,1421
Nana Glen,1422
Narara,1423
Narellan,1424
Narellan Vale,1425
Naremburn,1426
Narooma,1427
Narrabarba,1428
Narrabeen,1429
Narrabri,1430
Narrandera,1431
Narrawallee,1432
Narraweena,1433
Narromine,1434
Narwee,1435
Nashdale,1436
Neath,1437
Nelligen,1438
Nelson,1439
Nelson Bay,1440
Nemingha,1441
Nerong,1442
Neutral Bay,1443
Nevertire,1444
New Berrima,1445
New Brighton,1446
New Italy,1447
New Lambton,1448
New Lambton Heights,1449
Newbridge,1450
Newcastle,1451
Newcastle East,1452
Newcastle West,1453
Newington,1454
Newport,1455
Newrybar,1456
Newtown,1457
Niagara Park,1458
Nimbin,1459
Nimmitabel,1460
Nooroo,1461
Norah Head,1462
Noraville,1463
Nords Wharf,1464
Normanhurst,1465
North Albury,1466
North Arm Cove,1467
North Avoca,1468
North Balgowlah,1469
North Batemans Bay,1470
North Boambee Valley,1471
North Bondi,1472
North Curl Curl,1473
North Dorrigo,1474
North Epping,1475
North Gosford,1476
North Haven,1477
North Lambton,1478
North Lismore,1479
North Macksville,1480
North Macquarie,1481
North Manly,1482
North Narooma,1483
North Narrabeen,1484
North Nowra,1485
North Parramatta,1486
North Richmond,1487
North Rocks,1488
North Rothbury,1489
North Ryde,1490
North St Marys,1491
North Strathfield,1492
North Sydney,1493
North Tamworth,1494
North Tumbulgum,1495
North Turramurra,1496
North Wagga Wagga,1497
North Wahroonga,1498
North Willoughby,1499
North Wollongong,1500
North Yeoval,1501
Northbridge,1502
Northmead,1503
Northwood,1504
Nowra,1505
Nowra Hill,1506
Nulkaba,1507
Nunderi,1508
Nundle,1509
Nyngan,1510
Nyrang Creek,1511
Oak Flats,1512
Oakdale,1513
Oakhampton,1514
Oakhurst,1515
Oakville,1516
Oaky Park,1517
Oatlands,1518
Oatley,1519
Oberon,1520
Ocean Shores,1521
Old Bar,1522
Old Erowal Bay,1523
Old Guildford,1524
Old Junee,1525
Old Toongabbie,1526
One Mile,1527
Ootha,1528
Oran Park,1529
Orange,1530
Orangeville,1531
Orchard Hills,1532
Orient Point,1533
Otford,1534
Ourimbah,1535
Oxley Park,1536
Oxley Vale,1537
Oyster Bay,1538
Oyster Cove,1539
Paddington,1540
Padstow,1541
Padstow Heights,1542
Pagewood,1543
Pallamallawa,1544
Palm Beach,1545
Palmers Channel,1546
Palmers Island,1547
Pambula,1548
Pambula Beach,1549
Panania,1550
Parkes,1551
Parklea,1552
Parramatta,1553
Paterson,1554
Patonga,1555
Paxton,1556
Peak Hill,1557
Peakhurst,1558
Peakhurst Heights,1559
Pearl Beach,1560
Peats Ridge,1561
Pejar,1562
Pelaw Main,1563
Pelican,1564
Pemulwuy,1565
Pendle Hill,1566
Pennant Hills,1567
Penrith,1568
Penrose,1569
Penshurst,1570
Perisher Valley,1571
Perthville,1572
Petersham,1573
Pheasants Nest,1574
Phegans Bay,1575
Phillip Bay,1576
Picketts Valley,1577
Picnic Point,1578
Picton,1579
Pillar Valley,1580
Pinny Beach,1581
Pitt Town,1582
Pleasure Point,1583
Plumpton,1584
Point Clare,1585
Point Frederick,1586
Point Piper,1587
Pokolbin,1588
Polo Flat,1589
Port Botany,1590
Port Hacking,1591
Port Kembla,1592
Port Macquarie,1593
Portland,1594
Possum Creek,1595
Pottery Estate,1596
Potts Point,1597
Pottsville,1598
Prairiewood,1599
Premer,1600
Prestons,1601
Pretty Beach,1602
Primbee,1603
Prospect,1604
Pucawan,1605
Puddledock,1606
Pullabooka,1607
Punchbowl,1608
Purfleet,1609
Putney,1610
Putta Bucca,1611
Putty,1612
Pymble,1613
Pyree,1614
Pyrmont,1615
Quaama,1616
Quakers Hill,1617
Quandary,1618
Quandialla,1619
Queanbeyan,1620
Queanbeyan East,1621
Queanbeyan West,1622
Queens Park,1623
Queenscliff,1624
Quipolly,1625
Quirindi,1626
Quorrobolong,1627
Raby,1628
Raglan,1629
Rainbow Flat,1630
Rainbow Reach,1631
Ramornie,1632
Ramsgate,1633
Ramsgate Beach,1634
Randwick,1635
Rankin Park,1636
Rankins Springs,1637
Rappville,1638
Rathmines,1639
Ravensworth,1640
Raworth,1641
Raymond Terrace,1642
Razorback,1643
Red Head,1644
Red Rock,1645
Redfern,1646
Redhead,1647
Reefton,1648
Regents Park,1649
Regentville,1650
Rennie,1651
Repton,1652
Reserve Creek,1653
Revesby,1654
Revesby Heights,1655
Rhodes,1656
Richmond,1657
Riverstone,1658
Riverview,1659
Riverwood,1660
Robertson,1661
Robin Hill,1662
Rockdale,1663
Rodd Point,1664
Rookwood,1665
Rooty Hill,1666
Ropes Crossing,1667
Rose Bay,1668
Rosebery,1669
Rosedale,1670
Rosehill,1671
Roselands,1672
Rosemeadow,1673
Roseville,1674
Roseville Chase,1675
Rossglen,1676
Rossmore,1677
Rothbury,1678
Rouse Hill,1679
Royalla,1680
Rozelle,1681
Rukenvale,1682
Running Stream,1683
Ruse,1684
Rushcutters Bay,1685
Russell Lea,1686
Russell Vale,1687
Rutherford,1688
Rydal,1689
Rydalmere,1690
Ryde,1691
Ryhope,1692
Rylstone,1693
Sackville,1694
Sadleir,1695
Salamander Bay,1696
Salt Ash,1697
San Remo,1698
Sancrox,1699
Sanctuary Point,1700
Sandy Beach,1701
Sandy Hollow,1702
Sandy Point,1703
Sans Souci,1704
Sapphire Beach,1705
Saratoga,1706
Saumarez Ponds,1707
Sawtell,1708
Scarborough,1709
Scheyville,1710
Schofields,1711
Scone,1712
Scotland Island,1713
Scotts Head,1714
Seaforth,1715
Seaham,1716
Seahampton,1717
Seelands,1718
Sefton,1719
Seven Hills,1720
Shalvey,1721
Shanes Park,1722
Shannon Brook,1723
Shannons Flat,1724
Shell Cove,1725
Shellharbour,1726
Shellharbour City Centre,1727
Shelly Beach,1728
Shoal Bay,1729
Shoalhaven Heads,1730
Shortland,1731
Silverdale,1732
Silverwater,1733
Singleton,1734
Singleton Heights,1735
Skennars Head,1736
Skillion Flat,1737
Smeaton Grange,1738
Smithfield,1739
Smiths Lake,1740
Sofala,1741
Soldiers Point,1742
Somersby,1743
South Albury,1744
South Bathurst,1745
South Bowenfels,1746
South Coogee,1747
South Durras,1748
South Golden Beach,1749
South Grafton,1750
South Granville,1751
South Gundagai,1752
South Gundurimba,1753
South Hurstville,1754
South Kempsey,1755
South Lismore,1756
South Maitland,1757
South Maroota,1758
South Murwillumbah,1759
South Nowra,1760
South Pambula,1761
South Penrith,1762
South Tamworth,1763
South Turramurra,1764
South Wentworthville,1765
South West Rocks,1766
South Windsor,1767
Speers Point,1768
Spencer,1769
Spring Farm,1770
Spring Hill,1771
Spring Ridge,1772
Springdale,1773
Springdale Heights,1774
Springfield,1775
Springwood,1776
St Albans,1777
St Andrews,1778
St Clair,1779
St Georges Basin,1780
St Helens Park,1781
St Huberts Island,1782
St Ives,1783
St Ives Chase,1784
St Johns Park,1785
St Leonards,1786
St Marys,1787
St Peters,1788
Stanbridge,1789
Stanford Merthyr,1790
Stanhope Gardens,1791
Stanmore,1792
Stanwell Park,1793
Stanwell Tops,1794
Stockinbingal,1795
Stockton,1796
Stokers Siding,1797
Stony Chute,1798
Stratford,1799
Strathfield,1800
Strathfield South,1801
Stroud,1802
Stroud Road,1803
Stuart Town,1804
Stuarts Point,1805
Stubbo,1806
Suffolk Park,1807
Summer Hill,1808
Summerland Point,1809
Sun Valley,1810
Sunshine Bay,1811
Surf Beach,1812
Surfside,1813
Surry Hills,1814
Sussex Inlet,1815
Sutherland,1816
Sutton,1817
Sutton Forest,1818
Swan Bay,1819
Swanhaven,1820
Swansea,1821
Swansea Heads,1822
Sydenham,1823
Sydney,1824
Sydney Olympic Park,1825
Sylvania,1826
Sylvania Waters,1827
Tabulam,1828
Tacoma South,1829
Tahmoor,1830
Talbingo,1831
Tallimba,1832
Tallong,1833
Tamarama,1834
Tamban,1835
Tambar Springs,1836
Taminda,1837
Tamworth,1838
Tanilba Bay,1839
Tanja,1840
Tantonan,1841
Tarago,1842
Taralga,1843
Tarana,1844
Tarbuck Bay,1845
Tarcutta,1846
Taree,1847
Taree South,1848
Taren Point,1849
Tarrawanna,1850
Tarro,1851
Tascott,1852
Tathra,1853
Tatton,1854
Taylors Beach,1855
Tea Gardens,1856
Telarah,1857
Telegraph Point,1858
Telopea,1859
Temora,1860
Tempe,1861
Tenambit,1862
Tennyson Point,1863
Tenterfield,1864
Teralba,1865
Terara,1866
Termeil,1867
Terranora,1868
Terrey Hills,1869
Terrigal,1870
Teven,1871
The Channon,1872
The Entrance,1873
The Entrance North,1874
The Junction,1875
The Oaks,1876
The Ponds,1877
The Risk,1878
The Rock,1879
The Rocks,1880
Theresa Park,1881
Thirlmere,1882
Thirroul,1883
Thora,1884
Thornleigh,1885
Thornton,1886
Thredbo,1887
Thrumster,1888
Thurgoona,1889
Tighes Hill,1890
Tilba Tilba,1891
Timbumburi,1892
Tingha,1893
Tingira Heights,1894
Tinonee,1895
Tintenbar,1896
Tintinhull,1897
Tiona,1898
Tirrannaville,1899
Tocumwal,1900
Tolland,1901
Tomago,1902
Tomakin,1903
Tomerong,1904
Tomingley,1905
Tooleybuc,1906
Tooma,1907
Toongabbie,1908
Toormina,1909
Tootool,1910
Toowoon Bay,1911
Toronto,1912
Toukley,1913
Townsend,1914
Towradgi,1915
Towrang,1916
Trangie,1917
Tregear,1918
Trentham Cliffs,1919
Trundle,1920
Trunkey Creek,1921
Tubbul,1922
Tucki Tucki,1923
Tuena,1924
Tuggerah,1925
Tuggerawong,1926
Tullamore,1927
Tullarwalla,1928
Tullera,1929
Tullibigeal,1930
Tullimbar,1931
Tumbarumba,1932
Tumbi Umbi,1933
Tumblong,1934
Tumbulgum,1935
Tumut,1936
Tuncurry,1937
Tuntable Creek,1938
Tura Beach,1939
Tuross Head,1940
Turramurra,1941
Turrella,1942
Turvey Park,1943
Tweed Heads,1944
Tweed Heads South,1945
Tweed Heads West,1946
Tyagarah,1947
Tyalgum,1948
Uki,1949
Ulamambri,1950
Ulladulla,1951
Ulmarra,1952
Ulong,1953
Ultimo,1954
Umina Beach,1955
Unanderra,1956
Ungarie,1957
Upper Burringbar,1958
Upper Manilla,1959
Upper Myall,1960
Upper Wilsons Creek,1961
Uralla,1962
Urana,1963
Uranquinty,1964
Urbenville,1965
Urunga,1966
Utungun,1967
Vacy,1968
Valentine,1969
Valla,1970
Valla Beach,1971
Valley Heights,1972
Varroville,1973
Vaucluse,1974
Villawood,1975
Vincentia,1976
Vineyard,1977
Vittoria,1978
Voyager Point,1979
Wadalba,1980
Wadbilliga,1981
Wagga Wagga,1982
Wagstaffe,1983
Wahroonga,1984
Waitara,1985
Wakeley,1986
Wakool,1987
Walcha,1988
Walcha Road,1989
Walgett,1990
Walla Walla,1991
Wallabadah,1992
Wallabi Point,1993
Wallacia,1994
Wallaga Lake,1995
Wallagoot,1996
Wallalong,1997
Wallarah,1998
Wallarobba,1999
Wallendbeen,2000
Wallerawang,2001
Wallsend,2002
Wamberal,2003
Wamboin,2004
Wambool,2005
Wandandian,2006
Wangi Wangi,2007
Warabrook,2008
Waratah,2009
Waratah West,2010
Wardell,2011
Wards River,2012
Wareemba,2013
Warialda,2014
Warialda Rail,2015
Warilla,2016
Warners Bay,2017
Warnervale,2018
Warragai Creek,2019
Warragamba,2020
Warragoon,2021
Warral,2022
Warrawee,2023
Warrawong,2024
Warrell Creek,2025
Warren,2026
Warriewood,2027
Warrimoo,2028
Warwick Farm,2029
Watanobbi,2030
Waterfall,2031
Waterloo,2032
Waterview Heights,2033
Watsons Bay,2034
Wattamondara,2035
Wattle Flat,2036
Wattle Grove,2037
Wauchope,2038
Waverley,2039
Waverly,2040
Waverton,2041
Wedderburn,2042
Wee Jasper,2043
Wee Waa,2044
Weedallion,2045
Weetaliba,2046
Weethalle,2047
Weismantels,2048
Welby,2049
Wellington,2050
Wells Crossing,2051
Wentworth,2052
Wentworth Falls,2053
Wentworth Point,2054
Wentworthville,2055
Werombi,2056
Werri Beach,2057
Werrington,2058
Werrington County,2059
Werrington Downs,2060
Werris Creek,2061
West Albury,2062
West Ballina,2063
West Bathurst,2064
West Gosford,2065
West Hoxton,2066
West Kempsey,2067
West Nowra,2068
West Pennant Hills,2069
West Pymble,2070
West Ryde,2071
West Tamworth,2072
West Wallsend,2073
West Wiangaree,2074
West Wollongong,2075
West Wyalong,2076
Westbrook,2077
Westdale,2078
Westleigh,2079
Westmead,2080
Weston,2081
Wetherill Park,2082
Whalan,2083
Whale Beach,2084
Wheeler Heights,2085
Whitebridge,2086
Whiteman Creek,2087
Whittingham,2088
Whitton,2089
Wiangaree,2090
Wickham,2091
Wilberforce,2092
Wiley Park,2093
Willawarrin,2094
Willbriggie,2095
Williamtown,2096
Willmot,2097
Willoughby,2098
Willoughby East,2099
Willow Tree,2100
Wilton,2101
Wimbledon,2102
Windale,2103
Windang,2104
Windella,2105
Windermere Park,2106
Windradyne,2107
Windsor,2108
Windsor Downs,2109
Wingello,2110
Wingen,2111
Wingham,2112
Winmalee,2113
Winston Hills,2114
Wirragulla,2115
Wirrimbi,2116
Wirrinya,2117
Wisemans Ferry,2118
Wolgan Valley,2119
Wollar,2120
Wolli Creek,2121
Wollombi,2122
Wollongbar,2123
Wollongong,2124
Wollstonecraft,2125
Wollumboola,2126
Wollun,2127
Wolumla,2128
Wombarra,2129
Wombat,2130
Wombeyan Caves,2131
Womboota,2132
Wondabyne,2133
Wondalga,2134
Wongarbon,2135
Wongawilli,2136
Wongwibinda,2137
Woodberry,2138
Woodbine,2139
Woodburn,2140
Woodcroft,2141
Woodenbong,2142
Woodford,2143
Woodford Island,2144
Woodlawn,2145
Woodpark,2146
Woodrising,2147
Woodstock,2148
Woodville,2149
Woolbrook,2150
Woolgoolga,2151
Wooli,2152
Woollahra,2153
Woollamia,2154
Woolloomooloo,2155
Woolooware,2156
Wooloweyah,2157
Woolwich,2158
Woomargama,2159
Woombah,2160
Woongarrah,2161
Woonona,2162
Wootton,2163
Woronora,2164
Woronora Heights,2165
Worrigee,2166
Woy Woy,2167
Woy Woy Bay,2168
Wyalong,2169
Wyangala,2170
Wyee,2171
Wyee Point,2172
Wymah,2173
Wyoming,2174
Wyong,2175
Wyong Creek,2176
Wyongah,2177
Yagoona,2178
Yallah,2179
Yamba,2180
Yanco,2181
Yanderra,2182
Yanga,2183
Yannergee,2184
Yarra,2185
Yarrabandai,2186
Yarramalong,2187
Yarramundi,2188
Yarravel,2189
Yarrawarrah,2190
Yarrawonga Park,2191
Yarrowyck,2192
Yass,2193
Yathella,2194
Yattalunga,2195
Yatte Yattah,2196
Yellow Rock,2197
Yenda,2198
Yennora,2199
Yeoval,2200
Yerong Creek,2201
Yerrinbool,2202
Yerriyong,2203
Yetholme,2204
Yetman,2205
Yoogali,2206
Young,2207
Yowie Bay,2208
Zetland,2209
