Label,Males - Total (no.),Females - Total (no.),Persons - Total (no.)
Braidwood,"2,091","2,058","4,149"
Karabar,"4,155","4,277","8,432"
Queanbeyan,"5,715","5,743","11,458"
Queanbeyan - East,"2,683","2,402","5,085"
Queanbeyan Region,"9,751","9,422","19,173"
Queanbeyan West - Jerrabomberra,"6,510","6,640","13,150"
Bombala,"1,234","1,181","2,415"
Cooma,"3,474","3,398","6,872"
Cooma Region,"1,761","1,610","3,371"
Jindabyne - Berridale,"3,906","3,267","7,173"
Batemans Bay,"3,896","4,076","7,972"
Batemans Bay - South,"4,164","4,349","8,513"
Bega - Tathra,"4,235","4,438","8,673"
Bega-Eden Hinterland,"4,526","4,396","8,922"
Broulee - Tomakin,"1,722","1,748","3,470"
Deua - Wadbilliga,13,12,25
Eden,"1,606","1,658","3,264"
Eurobodalla Hinterland,"1,702","1,697","3,399"
Merimbula - Tura Beach,"5,390","5,786","11,176"
Moruya - Tuross Head,"4,072","4,110","8,182"
Narooma - Bermagui,"4,485","4,713","9,198"
Goulburn,"11,974","11,861","23,835"
Goulburn Region,"6,821","6,302","13,123"
Yass,"3,217","3,462","6,679"
Yass Region,"6,070","6,061","12,131"
Young,"5,189","5,631","10,820"
Young Region,"3,657","3,652","7,309"
Avoca Beach - Copacabana,"3,929","3,804","7,733"
Box Head - MacMasters Beach,"5,465","5,647","11,112"
Calga - Kulnura,"2,564","2,374","4,938"
Erina - Green Point,"6,701","7,683","14,384"
Gosford - Springfield,"9,667","9,986","19,653"
Kariong,"3,383","3,200","6,583"
Kincumber - Picketts Valley,"3,536","3,995","7,531"
Narara,"3,431","3,473","6,904"
Niagara Park - Lisarow,"4,068","4,084","8,152"
Point Clare - Koolewong,"3,069","3,239","6,308"
Saratoga - Davistown,"3,546","3,761","7,307"
Terrigal - North Avoca,"7,063","7,218","14,281"
Umina - Booker Bay - Patonga,"11,918","12,754","24,672"
Wamberal - Forresters Beach,"5,133","5,190","10,323"
Woy Woy - Blackwall,"7,009","7,460","14,469"
Wyoming,"5,683","6,146","11,829"
Bateau Bay - Killarney Vale,"10,780","11,841","22,621"
Blue Haven - San Remo,"5,525","5,890","11,415"
Budgewoi - Buff Point - Halekulani,"4,836","4,899","9,735"
Chittaway Bay - Tumbi Umbi,"7,694","8,068","15,762"
Gorokan - Kanwal - Charmhaven,"11,086","11,716","22,802"
Jilliby - Yarramalong,"1,807","1,723","3,530"
Lake Munmorah - Mannering Park,"5,439","5,733","11,172"
Ourimbah - Fountaindale,"2,541","2,482","5,023"
Summerland Point - Gwandalan,"3,068","3,004","6,072"
The Entrance,"7,633","8,102","15,735"
Toukley - Norah Head,"5,019","5,277","10,296"
Tuggerah - Kangy Angy,"2,708","2,757","5,465"
Warnervale - Wadalba,"8,279","8,787","17,066"
Wyong,"4,578","4,644","9,222"
Bathurst,"12,314","12,431","24,745"
Bathurst - East,"5,978","6,078","12,056"
Bathurst Region,"3,745","3,302","7,047"
Oberon,"2,449","2,271","4,720"
Condobolin,"3,329","3,296","6,625"
Cowra,"4,553","4,771","9,324"
Cowra Region,"2,837","2,720","5,557"
Forbes,"5,300","5,169","10,469"
Grenfell,"1,837","1,796","3,633"
Parkes (NSW),"5,453","5,771","11,224"
Parkes Region,"1,746","1,665","3,411"
West Wyalong,"2,992","2,980","5,972"
Lithgow,"6,570","6,403","12,973"
Lithgow Region,"4,440","4,131","8,571"
Mudgee,"6,094","6,316","12,410"
Mudgee Region - East,"1,783","1,709","3,492"
Mudgee Region - West,"5,432","5,169","10,601"
Wollangambe - Wollemi,-,-,-
Blayney,"3,667","3,685","7,352"
Orange,"9,036","9,985","19,021"
Orange - North,"10,573","10,899","21,472"
Orange Region,"6,087","5,886","11,973"
Grafton,"9,346","9,732","19,078"
Grafton Region,"8,081","7,563","15,644"
Maclean - Yamba - Iluka,"8,213","8,417","16,630"
Bellingen,"2,874","3,161","6,035"
Coffs Harbour - North,"8,796","9,491","18,287"
Coffs Harbour - South,"4,953","5,733","10,686"
Coramba - Nana Glen - Bucca,"2,001","2,014","4,015"
Dorrigo,"1,615","1,603","3,218"
Korora - Emerald Beach,"4,718","4,899","9,617"
Sawtell - Boambee,"9,644","10,338","19,982"
Urunga,"2,388","2,382","4,770"
Woolgoolga - Arrawarra,"6,639","6,611","13,250"
Bourke - Brewarrina,"2,042","2,019","4,061"
Cobar,"2,453","2,283","4,736"
Coonamble,"2,103","2,072","4,175"
Nyngan - Warren,"2,483","2,477","4,960"
Walgett - Lightning Ridge,"3,387","2,999","6,386"
Broken Hill,"8,651","9,083","17,734"
Far West,"1,363","1,133","2,496"
Coonabarabran,"4,026","3,955","7,981"
Dubbo - East,"5,099","5,443","10,542"
Dubbo - South,"8,681","9,559","18,240"
Dubbo - West,"4,651","4,959","9,610"
Dubbo Region,"3,045","2,868","5,913"
Gilgandra,"2,197","2,196","4,393"
Narromine,"3,329","3,311","6,640"
Wellington,"5,138","4,326","9,464"
Branxton - Greta - Pokolbin,"5,526","5,491","11,017"
Cessnock,"11,918","11,526","23,444"
Cessnock Region,"4,153","4,249","8,402"
Dungog,"4,695","4,651","9,346"
Kurri Kurri - Abermain,"9,267","9,356","18,623"
Singleton,"8,282","8,064","16,346"
Singleton Region,"2,632","2,474","5,106"
Maitland,"3,693","3,752","7,445"
Maitland - East,"13,885","14,684","28,569"
Maitland - North,"3,992","4,084","8,076"
Maitland - West,"11,911","12,373","24,284"
Thornton - Millers Forest,"5,792","5,824","11,616"
Anna Bay,"2,914","2,992","5,906"
Lemon Tree Passage - Tanilba Bay,"3,465","3,358","6,823"
Nelson Bay Peninsula,"10,689","11,456","22,145"
Raymond Terrace,"6,929","7,096","14,025"
Seaham - Woodville,"2,795","2,737","5,532"
Tea Gardens - Hawks Nest,"2,661","2,626","5,287"
Williamtown - Medowie - Karuah,"7,368","7,127","14,495"
Muswellbrook,"6,346","6,018","12,364"
Muswellbrook Region,"2,089","1,930","4,019"
Scone,"2,924","2,903","5,827"
Scone Region,"4,185","4,223","8,408"
Dapto - Avondale,"11,960","12,563","24,523"
Horsley - Kembla Grange,"4,726","5,007","9,733"
Port Kembla Industrial,9,2,11
Unanderra - Mount Kembla,"7,811","8,038","15,849"
Berkeley - Lake Heights - Cringila,"7,251","7,405","14,656"
Port Kembla - Warrawong,"5,084","5,089","10,173"
Windang - Primbee,"2,209","2,172","4,381"
Illawarra Catchment Reserve,3,2,5
Albion Park - Macquarie Pass,"7,459","7,788","15,247"
Albion Park Rail,"3,406","3,524","6,930"
Kiama,"4,002","4,221","8,223"
Kiama Downs - Minnamurra,"3,095","3,092","6,187"
Kiama Hinterland - Gerringong,"4,165","4,284","8,449"
Shellharbour - Flinders,"9,291","9,319","18,610"
Shellharbour - Oak Flats,"5,011","5,352","10,363"
Warilla,"10,358","10,732","21,090"
Balgownie - Fairy Meadow,"10,985","11,298","22,283"
Corrimal - Tarrawanna - Bellambi,"7,752","8,246","15,998"
Figtree - Keiraville,"11,181","11,207","22,388"
Helensburgh,"4,691","4,546","9,237"
Thirroul - Austinmer - Coalcliff,"5,899","6,055","11,954"
Woonona - Bulli - Russell Vale,"10,144","10,792","20,936"
Wollongong - East,"8,142","7,772","15,914"
Wollongong - West,"9,477","8,576","18,053"
Bulahdelah - Stroud,"2,397","2,370","4,767"
Forster,"7,042","7,745","14,787"
Forster-Tuncurry Region,"3,268","3,135","6,403"
Tuncurry,"3,052","3,320","6,372"
Kempsey,"7,728","7,581","15,309"
Kempsey Region,"4,709","4,423","9,132"
Macksville - Scotts Head,"2,452","2,568","5,020"
Nambucca Heads,"3,197","3,652","6,849"
Nambucca Heads Region,"4,003","3,863","7,866"
South West Rocks,"2,609","2,676","5,285"
Lord Howe Island,198,223,421
Laurieton - Bonny Hills,"8,675","9,160","17,835"
Port Macquarie - East,"14,055","15,122","29,177"
Port Macquarie - West,"8,838","9,958","18,796"
Port Macquarie Region,"2,844","2,593","5,437"
Wauchope,"5,672","6,127","11,799"
Gloucester,"2,566","2,599","5,165"
Old Bar - Manning Point - Red Head,"5,336","5,787","11,123"
Taree,"10,102","10,800","20,902"
Taree Region,"6,497","6,292","12,789"
Wingham,"2,619","2,860","5,479"
Albury - East,"7,887","8,420","16,307"
Albury - North,"5,021","5,241","10,262"
Albury - South,"5,138","5,451","10,589"
Albury Region,"6,043","5,971","12,014"
Lavington,"7,175","7,841","15,016"
Hay,"1,511","1,493","3,004"
Wentworth - Buronga,"3,134","3,016","6,150"
Wentworth-Balranald Region,"1,933","1,745","3,678"
Corowa,"2,683","2,803","5,486"
Corowa Region,"3,550","3,411","6,961"
Deniliquin,"3,713","3,871","7,584"
Deniliquin Region,"3,512","3,263","6,775"
Moama,"3,062","3,246","6,308"
Tocumwal - Finley - Jerilderie,"5,073","4,962","10,035"
Armidale,"11,838","12,666","24,504"
Armidale Region - North,"2,300","2,255","4,555"
Armidale Region - South,"2,942","3,144","6,086"
Walcha,"1,608","1,623","3,231"
Glen Innes,"4,428","4,480","8,908"
Inverell,"5,722","6,172","11,894"
Inverell Region - East,"2,685","2,612","5,297"
Inverell Region - West,"3,120","3,051","6,171"
Tenterfield,"3,245","3,393","6,638"
Moree,"4,106","4,236","8,342"
Moree Region,"2,831","2,737","5,568"
Narrabri,"3,607","3,749","7,356"
Narrabri Region,"2,486","2,385","4,871"
Gunnedah,"4,750","4,822","9,572"
Gunnedah Region,"2,157","1,936","4,093"
Quirindi,"3,954","3,933","7,887"
Tamworth - East,"10,384","10,541","20,925"
Tamworth - North,"7,659","8,491","16,150"
Tamworth - West,"2,900","2,897","5,797"
Tamworth Region,"9,459","9,560","19,019"
Belmont - Bennetts Green,"9,010","9,293","18,303"
Belmont South - Blacksmiths,"2,806","2,924","5,730"
Charlestown - Dudley,"12,128","12,680","24,808"
Glendale - Cardiff - Hillsborough,"11,829","12,255","24,084"
Mount Hutton - Windale,"4,316","4,841","9,157"
Redhead,"1,793","1,824","3,617"
Swansea - Caves Beach,"5,875","6,120","11,995"
Valentine - Eleebana,"6,109","6,213","12,322"
Warners Bay - Boolaroo,"6,582","7,159","13,741"
Bolton Point - Teralba,"4,241","4,442","8,683"
Bonnells Bay - Silverwater,"4,494","4,747","9,241"
Edgeworth - Cameron Park,"7,408","7,850","15,258"
Morisset - Cooranbong,"7,893","8,175","16,068"
Toronto - Awaba,"6,680","7,088","13,768"
Wangi Wangi - Rathmines,"4,593","4,544","9,137"
West Wallsend - Barnsley - Killingworth,"3,351","3,417","6,768"
Adamstown - Kotara,"8,017","8,008","16,025"
Beresfield - Hexham,"4,178","4,315","8,493"
Hamilton - Broadmeadow,"6,269","6,179","12,448"
Lambton - New Lambton,"8,289","8,746","17,035"
Maryland - Fletcher - Minmi,"7,509","7,610","15,119"
Mayfield - Warabrook,"7,755","7,711","15,466"
Merewether - The Junction,"7,202","7,070","14,272"
Newcastle - Cooks Hill,"6,140","5,935","12,075"
Newcastle Port - Kooragang,9,8,17
Shortland - Jesmond,"6,522","6,244","12,766"
Stockton - Fullerton Cove,"4,180","4,116","8,296"
Wallsend - Elermore Vale,"9,618","10,596","20,214"
Waratah - North Lambton,"6,151","6,384","12,535"
Wickham - Carrington - Tighes Hill,"4,238","4,252","8,490"
Ballina,"8,537","9,506","18,043"
Ballina Region,"8,709","9,004","17,713"
Bangalow,"3,072","3,168","6,240"
Brunswick Heads - Ocean Shores,"4,143","4,621","8,764"
Byron Bay,"5,056","5,455","10,511"
Evans Head,"2,716","2,693","5,409"
Lennox Head - Skennars Head,"4,061","4,277","8,338"
Mullumbimby,"4,286","4,454","8,740"
Casino,"6,116","6,444","12,560"
Casino Region,"3,632","3,424","7,056"
Goonellabah,"6,296","7,115","13,411"
Kyogle,"3,736","3,579","7,315"
Lismore,"7,599","7,710","15,309"
Lismore Region,"7,779","7,693","15,472"
Kingscliff - Fingal Head,"7,191","7,511","14,702"
Murwillumbah,"4,439","4,960","9,399"
Murwillumbah Region,"5,100","4,830","9,930"
Pottsville,"6,886","7,128","14,014"
Tweed Heads,"9,839","10,445","20,284"
Banora Point,"7,544","8,528","16,072"
Terranora - North Tumblegum,"1,654","1,724","3,378"
Tweed Heads South,"3,874","4,455","8,329"
Griffith (NSW),"10,053","10,198","20,251"
Griffith Region,"6,932","6,288","13,220"
Leeton,"5,074","5,257","10,331"
Narrandera,"3,015","3,091","6,106"
Tumbarumba,"1,785","1,707","3,492"
Tumut,"3,102","3,234","6,336"
Tumut Region,"2,460","2,277","4,737"
Cootamundra,"3,807","3,880","7,687"
Gundagai,"1,839","1,793","3,632"
Junee,"3,782","2,767","6,549"
Temora,"3,439","3,479","6,918"
Wagga Wagga - East,"8,347","8,764","17,111"
Wagga Wagga - North,"2,343","2,595","4,938"
Wagga Wagga - South,"10,547","11,211","21,758"
Wagga Wagga - West,"6,180","6,455","12,635"
Wagga Wagga Region,"7,786","7,613","15,399"
Berry - Kangaroo Valley,"4,471","4,650","9,121"
Callala Bay - Currarong,"1,871","1,860","3,731"
Culburra Beach,"2,613","2,507","5,120"
Ettrema - Sassafras - Budawang,40,12,52
Huskisson - Vincentia,"2,162","2,369","4,531"
North Nowra - Bomaderry,"7,918","8,293","16,211"
Nowra,"10,782","10,427","21,209"
St Georges Basin - Erowal Bay,"7,203","7,517","14,720"
Sussex Inlet - Berrara,"2,270","2,206","4,476"
Tomerong - Wandandian - Woollamia,"1,790","1,731","3,521"
Ulladulla,"7,802","8,411","16,213"
Ulladulla Region,"2,757","2,574","5,331"
Bowral,"6,231","7,228","13,459"
Hill Top - Colo Vale,"3,187","3,187","6,374"
Mittagong,"4,458","5,091","9,549"
Moss Vale - Berrima,"5,105","5,400","10,505"
Robertson - Fitzroy Falls,"1,847","1,839","3,686"
Southern Highlands,"3,333","3,545","6,878"
Baulkham Hills (East),"12,224","12,414","24,638"
Baulkham Hills (West) - Bella Vista,"10,641","11,025","21,666"
Glenhaven,"3,213","3,332","6,545"
West Pennant Hills,"6,587","6,631","13,218"
Castle Hill - Central,"3,891","4,058","7,949"
Castle Hill - East,"2,564","3,027","5,591"
Castle Hill - North,"6,234","6,270","12,504"
Castle Hill - South,"4,988","5,155","10,143"
Castle Hill - West,"2,702","2,799","5,501"
Cherrybrook,"9,636","9,804","19,440"
Kellyville,"13,052","13,223","26,275"
Dural - Kenthurst - Wisemans Ferry,"11,119","11,127","22,246"
Galston - Laughtondale,"2,723","2,637","5,360"
Bilpin - Colo - St Albans,"1,435","1,355","2,790"
Kurrajong Heights - Ebenezer,"11,480","11,167","22,647"
Pitt Town - McGraths Hill,"5,701","5,595","11,296"
Rouse Hill - Beaumont Hills,"13,878","13,950","27,828"
Blacktown (East) - Kings Park,"9,132","8,756","17,888"
Blacktown (North) - Marayong,"9,814","9,600","19,414"
Doonside - Woodcroft,"12,312","12,391","24,703"
Lalor Park - Kings Langley,"13,053","12,927","25,980"
Seven Hills - Toongabbie,"13,105","12,637","25,742"
Blacktown (South),"6,591","6,415","13,006"
Blacktown (West),"8,572","8,295","16,867"
Glenwood,"8,407","8,498","16,905"
Parklea - Kellyville Ridge,"18,215","17,254","35,469"
Riverstone - Marsden Park,"13,272","13,358","26,630"
Acacia Gardens,"2,029","1,935","3,964"
Quakers Hill,"12,091","12,189","24,280"
Bidwill - Hebersham - Emerton,"9,236","9,732","18,968"
Glendenning - Dean Park,"4,356","4,380","8,736"
Hassall Grove - Plumpton,"10,839","11,093","21,932"
Lethbridge Park - Tregear,"10,957","11,520","22,477"
Mount Druitt - Whalan,"11,900","12,011","23,911"
Prospect Reservoir,33,11,44
Rooty Hill - Minchinbury,"11,129","11,295","22,424"
Banksmeadow,14,7,21
Botany,"6,286","6,153","12,439"
Mascot - Eastlakes,"14,295","13,704","27,999"
Pagewood - Hillsdale - Daceyville,"6,023","6,179","12,202"
Port Botany Industrial,4,3,7
Sydney Airport,43,24,67
Marrickville,"14,239","14,365","28,604"
Petersham - Stanmore,"11,087","11,006","22,093"
Sydenham - Tempe - St Peters,"4,292","4,212","8,504"
Darlinghurst,"7,242","5,486","12,728"
Erskineville - Alexandria,"9,537","8,982","18,519"
Glebe - Forest Lodge,"10,759","11,699","22,458"
Newtown - Camperdown - Darlington,"13,934","14,421","28,355"
Potts Point - Woolloomooloo,"13,693","10,542","24,235"
Pyrmont - Ultimo,"12,204","12,441","24,645"
Redfern - Chippendale,"13,396","12,810","26,206"
Surry Hills,"10,419","7,868","18,287"
Sydney - Haymarket - The Rocks,"16,090","15,592","31,682"
Waterloo - Beaconsfield,"20,784","19,467","40,251"
Bondi - Tamarama - Bronte,"10,022","10,126","20,148"
Bondi Beach - North Bondi,"11,791","11,878","23,669"
Bondi Junction - Waverly,"8,867","9,747","18,614"
Centennial Park,2,1,3
Double Bay - Bellevue Hill,"12,756","14,242","26,998"
Dover Heights,"5,669","6,014","11,683"
Paddington - Moore Park,"7,993","8,731","16,724"
Rose Bay - Vaucluse - Watsons Bay,"5,880","6,785","12,665"
Woollahra,"3,747","4,546","8,293"
Coogee - Clovelly,"13,478","14,695","28,173"
Malabar - La Perouse - Chifley,"13,800","12,536","26,336"
Kensington (NSW),"8,582","8,360","16,942"
Kingsford,"8,932","8,233","17,165"
Maroubra - North,"5,238","5,366","10,604"
Maroubra - South,"5,551","5,826","11,377"
Maroubra - West,"5,523","5,635","11,158"
Randwick - North,"8,617","9,428","18,045"
Randwick - South,"7,024","7,431","14,455"
Bass Hill - Georges Hall,"11,756","11,808","23,564"
Chullora,719,735,"1,454"
Condell Park,"6,313","6,241","12,554"
Greenacre - Mount Lewis,"13,943","14,048","27,991"
Padstow,"8,674","8,830","17,504"
Panania - Milperra - Picnic Point,"13,505","14,014","27,519"
Revesby,"8,539","8,834","17,373"
Yagoona - Birrong,"11,221","11,173","22,394"
Bankstown - North,"8,604","8,971","17,575"
Bankstown - South,"8,550","8,386","16,936"
Belmore - Belfield,"10,074","10,173","20,247"
Canterbury (South) - Campsie,"16,987","16,605","33,592"
Kingsgrove (North) - Earlwood,"12,638","12,839","25,477"
Punchbowl,"11,532","10,733","22,265"
Roselands,"7,291","7,396","14,687"
Lakemba,"9,987","8,269","18,256"
Wiley Park,"5,861","5,196","11,057"
Hurstville,"13,133","13,166","26,299"
Mortdale - Penshurst,"12,484","12,937","25,421"
Narwee - Beverly Hills,"7,202","7,515","14,717"
Oatley - Hurstville Grove,"6,631","6,670","13,301"
Peakhurst - Lugarno,"9,521","9,884","19,405"
Riverwood,"6,129","6,271","12,400"
South Hurstville - Blakehurst,"12,664","13,038","25,702"
Arncliffe - Bardwell Valley,"13,287","12,904","26,191"
Bexley,"14,248","14,214","28,462"
Kingsgrove (South) - Bardwell Park,"6,687","6,882","13,569"
Kogarah,"6,351","6,163","12,514"
Kogarah Bay - Carlton - Allawah,"8,666","8,484","17,150"
Monterey - Brighton-le-Sands - Kyeemagh,"7,433","7,820","15,253"
Rockdale - Banksia,"11,421","10,716","22,137"
Sans Souci - Ramsgate,"8,182","9,009","17,191"
Concord - Mortlake - Cabarita,"11,435","12,271","23,706"
Concord West - North Strathfield,"13,494","13,674","27,168"
Drummoyne - Rodd Point,"9,294","10,215","19,509"
Five Dock - Abbotsford,"10,527","11,360","21,887"
Balmain,"8,254","8,944","17,198"
Leichhardt - Annandale,"13,752","14,632","28,384"
Lilyfield - Rozelle,"7,292","7,887","15,179"
Ashfield,"13,198","13,185","26,383"
Burwood - Croydon,"13,209","13,850","27,059"
Canterbury (North) - Ashbury,"5,737","5,926","11,663"
Croydon Park - Enfield,"8,783","9,474","18,257"
Dulwich Hill - Lewisham,"8,909","9,542","18,451"
Haberfield - Summer Hill,"7,084","7,235","14,319"
Homebush,"9,848","8,759","18,607"
Strathfield,"14,018","13,478","27,496"
Strathfield South,"1,924","1,985","3,909"
Chatswood (East) - Artarmon,"15,026","16,230","31,256"
Chatswood (West) - Lane Cove North,"11,330","11,605","22,935"
Lane Cove - Greenwich,"14,389","14,678","29,067"
St Leonards - Naremburn,"5,833","5,966","11,799"
Willoughby - Castle Cove - Northbridge,"13,144","13,888","27,032"
Asquith - Mount Colah,"9,743","9,904","19,647"
Berowra - Brooklyn - Cowan,"6,091","6,002","12,093"
Normanhurst - Thornleigh - Westleigh,"9,446","9,744","19,190"
Hornsby - East,"6,369","6,471","12,840"
Hornsby - West,"5,557","5,768","11,325"
Waitara - Wahroonga (West),"5,228","5,457","10,685"
Gordon - Killara,"11,254","11,859","23,113"
Lindfield - Roseville,"12,228","12,998","25,226"
Pymble,"8,279","9,044","17,323"
St Ives,"10,469","11,395","21,864"
Turramurra,"9,680","10,611","20,291"
Wahroonga (East) - Warrawee,"9,091","9,469","18,560"
Cremorne - Cammeray,"9,711","10,929","20,640"
Crows Nest - Waverton,"9,384","10,170","19,554"
Mosman,"14,402","16,475","30,877"
Neutral Bay - Kirribilli,"9,163","10,293","19,456"
North Sydney - Lavender Bay,"6,015","6,169","12,184"
Balgowlah - Clontarf - Seaforth,"10,451","11,069","21,520"
Manly - Fairlight,"11,926","12,280","24,206"
Avalon - Palm Beach,"6,410","6,631","13,041"
Bayview - Elanora Heights,"5,587","5,731","11,318"
Newport - Bilgola,"6,930","7,029","13,959"
Warriewood - Mona Vale,"12,659","13,263","25,922"
Beacon Hill - Narraweena,"7,339","7,492","14,831"
Cromer,"3,882","4,093","7,975"
Dee Why - North Curl Curl,"13,410","13,788","27,198"
Forestville - Killarney Heights,"6,539","6,901","13,440"
Frenchs Forest - Belrose,"13,019","13,356","26,375"
Freshwater - Brookvale,"11,526","11,550","23,076"
Manly Vale - Allambie Heights,"8,949","9,199","18,148"
Narrabeen - Collaroy,"12,977","13,476","26,453"
Terrey Hills - Duffys Forest,"1,914","1,902","3,816"
Camden - Ellis Lane,"6,488","6,954","13,442"
Elderslie - Harrington Park,"11,847","12,224","24,071"
Mount Annan - Currans Hill,"15,680","16,215","31,895"
Bradbury - Wedderburn,"9,652","10,233","19,885"
Campbelltown - Woodbine,"10,171","10,150","20,321"
Claymore - Eagle Vale - Raby,"10,394","10,623","21,017"
Holsworthy Military Area,-,-,-
Ingleburn - Denham Court,"11,580","11,498","23,078"
Leumeah - Minto Heights,"8,517","8,594","17,111"
Macquarie Fields - Glenfield,"12,191","12,725","24,916"
Minto - St Andrews,"10,916","10,934","21,850"
Rosemeadow - Glen Alpine,"10,543","10,909","21,452"
Bargo,"3,047","2,918","5,965"
Douglas Park - Appin,"5,559","5,352","10,911"
Picton - Tahmoor - Buxton,"8,857","8,977","17,834"
The Oaks - Oakdale,"4,869","4,817","9,686"
Blackheath - Megalong Valley,"2,838","2,960","5,798"
Blaxland - Warrimoo - Lapstone,"9,630","9,907","19,537"
Blue Mountains - North,5,8,13
Katoomba - Leura,"6,639","7,227","13,866"
Lawson - Hazelbrook - Linden,"5,636","5,942","11,578"
Springwood - Winmalee,"10,685","11,405","22,090"
Wentworth Falls,"3,017","3,236","6,253"
Blue Mountains - South,4,-,4
Cambridge Park,"8,071","8,054","16,125"
Castlereagh - Cranebrook,"13,392","13,797","27,189"
Emu Plains - Leonay,"7,039","7,514","14,553"
Glenmore Park - Regentville,"10,717","11,098","21,815"
Jamisontown - South Penrith,"8,738","8,986","17,724"
Kingswood - Werrington,"10,715","10,985","21,700"
Mulgoa - Luddenham - Orchard Hills,"5,557","5,474","11,031"
Penrith,"7,187","7,436","14,623"
Warragamba - Silverdale,"2,831","2,668","5,499"
Richmond - Clarendon,"6,975","7,456","14,431"
Windsor - Bligh Park,"7,673","7,964","15,637"
Yarramundi - Londonderry,"4,259","3,509","7,768"
Erskine Park,"3,312","3,342","6,654"
St Clair,"10,227","10,315","20,542"
Colyton - Oxley Park,"6,150","6,138","12,288"
St Marys - North St Marys,"8,650","8,433","17,083"
Homebush Bay - Silverwater,"12,151","10,877","23,028"
Rookwood Cemetery,2,1,3
Auburn - Central,"10,656","8,390","19,046"
Auburn - North,"7,489","5,295","12,784"
Auburn - South,"4,807","4,431","9,238"
Berala,"5,072","4,520","9,592"
Lidcombe,"11,751","10,755","22,506"
Regents Park,"2,761","2,597","5,358"
Carlingford,"15,027","15,341","30,368"
Ermington - Rydalmere,"11,815","11,676","23,491"
Oatlands - Dundas Valley,"9,533","9,703","19,236"
Chester Hill - Sefton,"10,265","9,927","20,192"
Fairfield - East,"8,372","8,125","16,497"
Granville - Clyde,"12,132","10,632","22,764"
Greystanes - Pemulwuy,"13,876","14,251","28,127"
Guildford - South Granville,"11,771","11,432","23,203"
Guildford West - Merrylands West,"11,211","11,125","22,336"
Merrylands - Holroyd,"16,136","15,137","31,273"
Smithfield Industrial,11,-,11
Yennora Industrial,7,7,14
North Parramatta,"12,495","11,930","24,425"
North Rocks,"4,027","4,269","8,296"
Northmead,"11,047","11,291","22,338"
Parramatta - Rosehill,"17,886","15,877","33,763"
Toongabbie - Constitution Hill,"11,470","11,656","23,126"
Winston Hills,"5,581","5,660","11,241"
Pendle Hill - Girraween,"7,134","6,759","13,893"
Wentworthville - Westmead,"8,862","8,410","17,272"
Epping - North Epping,"15,268","15,219","30,487"
Pennant Hills - Cheltenham,"10,559","11,243","21,802"
Eastwood - Denistone,"13,257","13,749","27,006"
Gladesville - Huntleys Point,"7,659","7,890","15,549"
Hunters Hill - Woolwich,"5,560","5,427","10,987"
Macquarie Park - Marsfield,"11,504","12,320","23,824"
North Ryde - East Ryde,"6,533","6,653","13,186"
West Ryde - Meadowbank,"10,561","10,726","21,287"
Putney,"2,048","2,207","4,255"
Ryde,"15,303","15,726","31,029"
Ashcroft - Busby - Miller,"8,999","9,295","18,294"
Austral - Greendale,"4,718","4,405","9,123"
Cobbitty - Leppington,"13,327","13,591","26,918"
Badgerys Creek,23,39,62
Cecil Hills,"3,656","3,647","7,303"
Green Valley,"6,570","6,586","13,156"
Hinchinbrook,"6,751","6,746","13,497"
Hoxton Park - Carnes Hill - Horningsea Park,"6,366","6,634","13,000"
West Hoxton - Middleton Grange,"8,566","8,573","17,139"
Bonnyrigg Heights - Bonnyrigg,"8,355","8,502","16,857"
Bossley Park - Abbotsbury,"9,894","9,889","19,783"
Cabramatta - Lansvale,"12,900","12,973","25,873"
Cabramatta West - Mount Pritchard,"9,082","9,245","18,327"
Canley Vale - Canley Heights,"10,984","11,037","22,021"
Edensor Park,"5,092","5,229","10,321"
Fairfield,"9,555","9,580","19,135"
Fairfield - West,"10,079","10,467","20,546"
Greenfield Park - Prairiewood,"4,433","4,376","8,809"
Horsley Park - Kemps Creek,"2,417","2,270","4,687"
Smithfield - Wetherill Park,"9,498","9,608","19,106"
St Johns Park - Wakeley,"5,463","5,748","11,211"
Wetherill Park Industrial,27,9,36
Casula,"8,214","8,607","16,821"
Chipping Norton - Moorebank,"10,224","10,325","20,549"
Holsworthy - Wattle Grove,"11,004","10,780","21,784"
Liverpool,"15,271","15,249","30,520"
Lurnea - Cartwright,"6,213","6,220","12,433"
Prestons - Edmondson Park,"10,158","10,393","20,551"
Warwick Farm,"3,401","3,257","6,658"
Gymea - Grays Point,"8,989","9,269","18,258"
Miranda - Yowie Bay,"9,361","9,789","19,150"
Sylvania - Taren Point,"8,341","8,743","17,084"
Caringbah,"6,117","6,484","12,601"
Caringbah South,"6,262","6,443","12,705"
Cronulla - Kurnell - Bundeena,"12,675","12,674","25,349"
Lilli Pilli - Port Hacking - Dolans Bay,"1,627","1,653","3,280"
Woolaware - Burraneer,"4,080","4,251","8,331"
Heathcote - Waterfall,"3,274","3,435","6,709"
Illawong - Alfords Point,"5,281","5,412","10,693"
Menai - Lucas Heights - Woronora,"10,847","10,911","21,758"
Oyster Bay - Como - Jannali,"10,895","11,218","22,113"
Royal National Park,12,16,28
Sutherland - Kirrawee,"10,717","11,404","22,121"
Engadine,"8,702","8,782","17,484"
Loftus - Yarrawarrah,"3,638","3,819","7,457"
Woronora Heights,"1,819","1,809","3,628"