Label,Weekly median advertised rent
ABBOTSBURY,$575 
ABBOTSFORD,$885 
ABERCROMBIE,$403 
ABERDARE,$300 
ABERDEEN,$370 
ABERDEEN,
ABERFOYLE,
ABERGLASSLYN,$430 
ABERMAIN,$350 
ABERNETHY,N/A
ACACIA GARDENS,$523 
ADAMINABY,N/A
ADAMSTOWN,$450 
ADAMSTOWN HEIGHTS,$485 
ADELONG,N/A
ADJUNGBILLY,
AGNES BANKS,$470 
AIRDS,$350 
AKOLELE,
ALBERT,
ALBION PARK,$490 
ALBION PARK RAIL,$440 
ALBURY,$350 
ALECTOWN,
ALEXANDRIA,$800 
ALFORDS POINT,$750 
ALFREDTOWN,
ALISON,
ALISON,
ALLAMBIE HEIGHTS,$940 
ALLAWAH,$605 
ALLGOMERA,
ALLWORTH,N/A
ALLYNBROOK,
ALSTONVALE,N/A
ALSTONVILLE,$490 
AMBARVALE,$380 
ANDO,
ANGLEDALE,
ANGLERS REACH,N/A
ANGOURIE,
ANNA BAY,$450 
ANNANDALE,$810 
ANNANGROVE,$580 
APPIN,$430 
APPLE TREE FLAT,
APPLETREE FLAT,
APSLEY,
ARAKOON,$500 
ARALUEN,N/A
ARCADIA,N/A
ARCADIA VALE,$410 
ARDING,
ARDLETHAN,N/A
ARGENTON,$370 
ARGENTS HILL,$320 
ARGOON,
ARGYLE,
ARIAH PARK,$150 
ARMATREE,
ARMIDALE,$340 
ARNCLIFFE,$625 
ARNDELL PARK,
ARRAWARRA,
ARRAWARRA HEADLAND,N/A
ARTARMON,$983 
ARTHURVILLE,
ASHBURY,$680 
ASHBY,N/A
ASHBY HEIGHTS,N/A
ASHCROFT,$380 
ASHFIELD,$600 
ASHFORD,N/A
ASHLEY,N/A
ASHMONT,$250 
ASHTONFIELD,$450 
ASQUITH,$580 
ATTUNGA,N/A
AUBURN,$470 
AUBURN VALE,
AUDLEY,
AUSTINMER,$730 
AUSTRAL,$530 
AUSTRAL EDEN,
AVALON,
AVALON BEACH,$800 
AVOCA,
AVOCA BEACH,$600 
AVONDALE,$450 
AVONSIDE,
AWABA,N/A
AYLMERTON,N/A
BAAN BAA,
BACK CREEK,
BACK CREEK,
BACK CREEK,
BACK CREEK,
BACK CREEK,
BACK CREEK,
BACKMEDE,
BADGERYS CREEK,
BAGNOO,
BAKERS CREEK,
BAKERS CREEK,
BAKERS CREEK,
BAKERS SWAMP,
BALALA,
BALCOLYN,$420 
BALD HILLS,N/A
BALD RIDGE,
BALDRY,
BALGOWLAH,"$1,015 "
BALGOWLAH HEIGHTS,"$1,400 "
BALGOWNIE,$500 
BALLADORAN,
BALLALABA,
BALLDALE,
BALLENGARRA,
BALLIMORE,
BALLINA,$500 
BALLYROE,
BALMAIN,$865 
BALMAIN EAST,"$1,140 "
BALMORAL,N/A
BALMORAL,N/A
BALRANALD,N/A
BAMARANG,
BANDON GROVE,
BANGALEE,N/A
BANGALOW,$675 
BANGOR,$710 
BANKSIA,$600 
BANKSMEADOW,N/A
BANKSTOWN,$500 
BANKSTOWN NORTH,
BANKSTOWN SQUARE,
BANNABY,
BANNISTER,
BANORA POINT,$570 
BAR BEACH,$460 
BAR POINT,N/A
BARADINE,N/A
BARANGAROO,N/A
BARDEN RIDGE,$850 
BARDWELL PARK,$720 
BARDWELL VALLEY,N/A
BARELLAN,N/A
BARGO,$450 
BARHAM,N/A
BARKERS VALE,
BARMEDMAN,N/A
BARNSLEY,N/A
BAROOGA,$313 
BARRABA,N/A
BARRACK HEIGHTS,$450 
BARRACK POINT,N/A
BARRAGANYATTI,
BARRAGGA BAY,
BARRENGARRY,N/A
BARRINGTON,N/A
BARRY,
BARYULGIL,
BASIN VIEW,$370 
BASS HILL,$560 
BATEAU BAY,$455 
BATEHAVEN,$360 
BATEMANS BAY,$375 
BATHURST,$340 
BATLOW,N/A
BAULKHAM HILLS,$560 
BAWLEY POINT,"$1,088 "
BAY VILLAGE,
BAYVIEW,"$1,100 "
BEACON HILL,$875 
BEACONSFIELD,$890 
BEAUMONT,
BEAUMONT HILLS,$620 
BECKOM,
BECTIVE,
BECTRIC,
BEDGEREBONG,
BEECHWOOD,N/A
BEECROFT,$730 
BEELBANGERA,N/A
BEGA,$350 
BELBORA,
BELFIELD,$550 
BELFORD,
BELGRAVIA,
BELIMBLA PARK,N/A
BELL,
BELLA VISTA,$740 
BELLAMBI,$440 
BELLANGRY,
BELLATA,
BELLAWONGARAH,N/A
BELLBIRD,$300 
BELLBROOK,N/A
BELLEVUE HILL,"$1,888 "
BELLIMBOPINNI,
BELLINGEN,$420 
BELLMOUNT FOREST,
BELMONT,$400 
BELMONT NORTH,$420 
BELMONT SOUTH,$385 
BELMORE,$550 
BELMORE RIVER,
BELROSE,$998 
BELROSE WEST,
BEMBOKA,N/A
BEN LOMOND,
BENANDARAH,
BENDALONG,$240 
BENDEMEER,N/A
BENDICK MURRELL,
BENDOLBA,
BENEREMBAH,
BENNETTS GREEN,
BENSVILLE,$540 
BENTLEY,N/A
BERALA,$450 
BERAMBING,
BERESFIELD,$360 
BERGALIA,
BERKELEY,$428 
BERKELEY VALE,$445 
BERKSHIRE PARK,N/A
BERMAGUI,N/A
BEROWRA,$628 
BEROWRA HEIGHTS,$600 
BEROWRA WATERS,N/A
BERRAMBOOL,N/A
BERRARA,N/A
BERRIDALE,$393 
BERRIGAN,$168 
BERRILEE,
BERRIMA,N/A
BERRINGER LAKE,
BERRY,$530 
BERRY PARK,
BETHUNGRA,
BEVERLEY PARK,$660 
BEVERLY HILLS,$598 
BEXHILL,N/A
BEXLEY,$600 
BEXLEY NORTH,$600 
BEXLEY SOUTH,
BIBBENLUKE,
BIDWILL,$330 
BIELSDOWN HILLS,
BIG HILL,
BIG SPRINGS,
BIGGA,N/A
BILAMBIL,N/A
BILAMBIL HEIGHTS,$578 
BILBUL,N/A
BILGOLA,N/A
BILLIMARI,
BILLINUDGEL,N/A
BILLYWILLINGA,
BILPIN,N/A
BIMBI,
BIMBIMBIE,
BINALONG,N/A
BINDA,
BINGARA,$230 
BINGIE,
BINJURA,N/A
BINNA BURRA,
BINNAWAY,N/A
BINYA,
BIRCHGROVE,$900 
BIRMINGHAM GARDENS,$380 
BIRRIWA,
BIRRONG,$490 
BISHOPS BRIDGE,
BITHRAMERE,
BLACK CREEK,
BLACK CREEK,
BLACK HEAD,$380 
BLACK HILL,N/A
BLACK MOUNTAIN,
BLACK RANGE,
BLACK SPRINGS,N/A
BLACKALLS PARK,$360 
BLACKBUTT,$520 
BLACKETT,$310 
BLACKHEATH,$400 
BLACKMANS POINT,
BLACKSMITHS,$430 
BLACKTOWN,$395 
BLACKTOWN WESTPOINT,
BLACKWALL,$375 
BLAIR ATHOL,$490 
BLAIRMOUNT,N/A
BLAKEBROOK,
BLAKEHURST,$750 
BLAXCELL,
BLAXLAND,$450 
BLAXLAND EAST,
BLAXLANDS CREEK,
BLAXLANDS RIDGE,N/A
BLAYNEY,$295 
BLENHEIM ROAD,
BLIGH PARK,$425 
BLIGHTY,
BLUE BAY,$450 
BLUE HAVEN,$393 
BLUEYS BEACH,N/A
BOAMBEE,$385 
BOAMBEE EAST,$430 
BOAT HARBOUR,
BOAT HARBOUR,$490 
BOBIN,N/A
BOBS CREEK,
BOBS FARM,N/A
BOCOBLE,
BODALLA,N/A
BODANGORA,
BOGAN,
BOGAN,
BOGAN GATE,N/A
BOGANGAR,$535 
BOGGABILLA,N/A
BOGGABRI,$330 
BOHENA CREEK,
BOHNOCK,
BOLIVIA,
BOLONG,
BOLTON POINT,$385 
BOLWARRA,$465 
BOLWARRA HEIGHTS,$445 
BOMADERRY,$398 
BOMBALA,$280 
BOMBIRA,N/A
BOMBO,N/A
BOMBOWLEE,
BOMEN,
BOMERA,
BONALBO,N/A
BONDI,"$1,150 "
BONDI BEACH,"$1,180 "
BONDI JUNCTION,$946 
BONNELLS BAY,$390 
BONNET BAY,$790 
BONNY HILLS,$430 
BONNYRIGG,$478 
BONNYRIGG HEIGHTS,$480 
BONSHAW,
BONVILLE,
BOOERIE CREEK,
BOOK BOOK,
BOOKER BAY,$470 
BOOKHAM,
BOOLAMBAYTE,
BOOLAROO,$448 
BOOLIGAL,
BOOMANOOMANA,
BOOMERANG BEACH,N/A
BOOMI,
BOONOO BOONOO,
BOORABEE PARK,
BOORAGUL,$400 
BOORAL,N/A
BOOROOMA,$460 
BOOROWA,N/A
BOOTAWA,N/A
BOOYONG,
BORA RIDGE,
BORAMBOLA,
BOREE,
BOREE CREEK,
BORENORE,N/A
BORO,
BORONIA PARK,
BOSSLEY PARK,$480 
BOSTOBRICK,
BOTANY,$780 
BOURKE,$250 
BOURKELANDS,$420 
BOURNDA,
BOW BOWING,$430 
BOWEN MOUNTAIN,$448 
BOWENFELS,$293 
BOWMAN,
BOWNA,
BOWNING,N/A
BOWRAL,$550 
BOWRAVILLE,N/A
BOX HILL,$550 
BOYDTOWN,
BRADBURY,$380 
BRAEMAR,$550 
BRAEMAR BAY,
BRAIDWOOD,$400 
BRANDY HILL,N/A
BRANXTON,$350 
BRAUNSTONE,
BRAY PARK,$413 
BRAYS CREEK,
BREADALBANE,
BREAKFAST POINT,N/A
BREDBO,N/A
BREEZA,
BREWARRINA,N/A
BREWONGLE,
BRIBBAREE,
BRIERFIELD,
BRIGHTON LE SANDS,$650 
BRIGHTWATERS,$350 
BRIMBIN,
BRINDABELLA,
BRINGELLY,$600 
BRINGENBRONG,
BROADMEADOW,$415 
BROADWATER,
BROADWATER,N/A
BROADWAY,
BROCKLEHURST,
BROCKLESBY,
BROGO,N/A
BROKE,N/A
BROKEN HEAD,
BROKEN HILL,$260 
BROKEN HILL NORTH,
BROKEN HILL WEST,
BROMBIN,
BRONTE,"$1,335 "
BROOKDALE,
BROOKFIELD,
BROOKLANA,
BROOKLET,
BROOKLYN,$550 
BROOKVALE,$790 
BROOMS HEAD,$530 
BROUGHTON,
BROUGHTON VALE,N/A
BROUGHTON VILLAGE,
BROULEE,$450 
BROWNLOW HILL,N/A
BROWNS CREEK,
BROWNSVILLE,N/A
BRUCEDALE,
BRUNDEE,
BRUNGLE,
BRUNKERVILLE,
BRUNSWICK HEADS,$650 
BRUSHGROVE,N/A
BUCCA,N/A
BUCCA WAUKA,
BUCHANAN,
BUCKAJO,N/A
BUCKENBOWRA,
BUCKETTY,
BUDDEROO,
BUDGEE BUDGEE,N/A
BUDGEWOI,$350 
BUFF POINT,$390 
BUKKULLA,
BULAHDELAH,$350 
BULGA,N/A
BULLABURRA,$378 
BULLI,$593 
BUMBALDRY,N/A
BUNDABAH,N/A
BUNDANOON,$490 
BUNDARRA,N/A
BUNDEENA,$600 
BUNDOOK,
BUNGALORA,
BUNGARBY,
BUNGAWALBIN,
BUNGENDORE,$580 
BUNGONIA,N/A
BUNGWAHL,N/A
BUNNALOO,
BUNNAN,
BUNYAH,
BUNYAN,
BURCHER,
BURONGA,N/A
BURRA,
BURRA,N/A
BURRADOO,$750 
BURRAGA,
BURRAGATE,
BURRANEER,"$1,125 "
BURRANGONG,N/A
BURRAWANG,N/A
BURRELL CREEK,N/A
BURREN JUNCTION,
BURRIER,
BURRILL LAKE,$380 
BURRINGBAR,N/A
BURRINJUCK,
BURRUMBUTTOCK,N/A
BURWOOD,$650 
BURWOOD HEIGHTS,N/A
BURWOOD NORTH,
BUSBY,$360 
BUTTABA,$475 
BUTTERWICK,
BUXTON,$410 
BYABARRA,N/A
BYANGUM,
BYLONG,
BYROCK,
BYRON BAY,$780 
BYWONG,N/A
CABARITA,"$1,100 "
CABARITA BEACH,N/A
CABBAGE TREE ISLAND,
CABBAGE TREE ISLAND,
CABRAMATTA,$400 
CABRAMATTA WEST,$400 
CABRAMURRA,
CAFFREYS FLAT,
CALALA,$395 
CALDERWOOD,$570 
CALDWELL,
CALGA,
CALLAGHAN,
CALLALA BAY,$370 
CALLALA BEACH,$320 
CALOOLA,
CAMBERWELL,
CAMBEWARRA,N/A
CAMBRIDGE GARDENS,$435 
CAMBRIDGE PARK,$380 
CAMDEN,$420 
CAMDEN HEAD,N/A
CAMDEN PARK,$580 
CAMDEN SOUTH,$470 
CAMELLIA,
CAMERON PARK,$510 
CAMMERAY,"$1,150 "
CAMP CREEK,
CAMPBELLTOWN,$380 
CAMPBELLTOWN NORTH,
CAMPERDOWN,$750 
CAMPSIE,$540 
CAMS WHARF,N/A
CANADA BAY,$725 
CANDELO,N/A
CANGAI,
CANIABA,N/A
CANLEY HEIGHTS,$450 
CANLEY VALE,$410 
CANOBOLAS,N/A
CANOELANDS,
CANONBA,
CANOWINDRA,$300 
CANTERBURY,$580 
CANTON BEACH,$370 
CANYONLEIGH,N/A
CAPARRA,
CAPERTEE,N/A
CAPTAINS FLAT,N/A
CARABOST,
CARAGABAL,
CARCOAR,N/A
CARDIFF,$400 
CARDIFF HEIGHTS,$440 
CARDIFF SOUTH,$420 
CAREY BAY,$400 
CARGO,N/A
CARINDA,N/A
CARINGBAH,$700 
CARINGBAH SOUTH,$750 
CARLINGFORD,$605 
CARLINGFORD COURT,
CARLINGFORD NORTH,
CARLTON,$575 
CAROOL,
CAROONA,
CARRAMAR,$395 
CARRATHOOL,
CARRINGTON,$450 
CARRINGTON,
CARROLL,N/A
CARROWBROOK,
CARRS CREEK,
CARSS PARK,N/A
CARTWRIGHT,$388 
CARTWRIGHTS HILL,
CARWOOLA,N/A
CASINO,$320 
CASSILIS,
CASTLE COVE,"$1,000 "
CASTLE DOYLE,
CASTLE HILL,$650 
CASTLECRAG,"$1,038 "
CASTLEREAGH,$750 
CASUARINA,$790 
CASULA,$485 
CASULA MALL,
CATALINA,$400 
CATHCART,
CATHERINE FIELD,$530 
CATHERINE HILL BAY,$650 
CATTAI,N/A
CAVES BEACH,$475 
CAWDOR,N/A
CAWONGLA,N/A
CECIL HILLS,$550 
CECIL PARK,N/A
CEDAR BRUSH CREEK,
CEDAR CREEK,
CEDAR CREEK,
CEDAR PARTY,N/A
CELLS RIVER,
CENTENNIAL PARK,N/A
CENTRAL MACDONALD,
CENTRAL MANGROVE,
CENTRAL TILBA,N/A
CESSNOCK,$330 
CESSNOCK WEST,
CHAIN VALLEY BAY,$370 
CHAKOLA,
CHAMBIGNE,
CHARBON,
CHARLES STURT UNIVERSITY,
CHARLES STURT UNIVERSITY,
CHARLESTOWN,$430 
CHARLOTTE BAY,
CHARMHAVEN,$370 
CHATHAM,
CHATSWOOD,$900 
CHATSWOOD WEST,"$1,000 "
CHATSWORTH,
CHEERO POINT,
CHELTENHAM,$738 
CHERRYBROOK,$750 
CHESTER HILL,$465 
CHIFLEY,"$1,000 "
CHILCOTTS GRASS,
CHILLINGHAM,N/A
CHINDERAH,N/A
CHIPPENDALE,$895 
CHIPPING NORTON,$580 
CHISHOLM,$530 
CHISWICK,N/A
CHITTAWAY BAY,$445 
CHITTAWAY POINT,$345 
CHULLORA,N/A
CHURCH POINT,$885 
CLANDULLA,N/A
CLAREMONT MEADOWS,$425 
CLARENCE,N/A
CLARENCE TOWN,$370 
CLARENDON,
CLARENZA,N/A
CLAYMORE,$500 
CLEAR CREEK,
CLEMTON PARK,$608 
CLERGATE,
CLIFTLEIGH,$430 
CLIFTON,
CLIFTON GROVE,N/A
CLONTARF,"$1,448 "
CLOTHIERS CREEK,
CLOVELLY,"$1,375 "
CLOVELLY WEST,
CLUNES,$520 
CLYBUCCA,N/A
CLYDE,
COAL POINT,$550 
COALCLIFF,
COALDALE,
COBAKI,
COBAR,$270 
COBAR PARK,
COBARGO,N/A
COBBITTY,$500 
COFFS HARBOUR,$450 
COFFS HARBOUR JETTY,
COFFS HARBOUR PLAZA,
COILA,
COLEAMBALLY,$280 
COLEDALE,N/A
COLLARENEBRI,N/A
COLLAROY,"$1,100 "
COLLAROY BEACH,
COLLAROY PLATEAU WEST,
COLLECTOR,N/A
COLLIE,
COLLINGULLIE,N/A
COLLINS CREEK,
COLO,
COLO,
COLO HEIGHTS,N/A
COLO VALE,$440 
COLYTON,$370 
COMARA,
COMBANING,
COMBARA,
COMBOYNE,N/A
COME BY CHANCE,
COMO,$650 
CONARGO,
CONCORD,$738 
CONCORD WEST,$705 
CONDELL PARK,$600 
CONDOBOLIN,$245 
CONDONG,N/A
CONGARINNI,
CONGARINNI NORTH,
CONGEWAI,
CONGO,N/A
CONISTON,$450 
CONJOLA,
CONJOLA PARK,$330 
CONNELLS POINT,$805 
CONSTITUTION HILL,$450 
COOGEE,$990 
COOKAMIDGERA,
COOKARDINIA,
COOKS GAP,N/A
COOKS HILL,$550 
COOLABAH,
COOLAC,
COOLAGOLITE,N/A
COOLAH,N/A
COOLAMON,$275 
COOLANGATTA,N/A
COOLATAI,
COOLEYS CREEK,
COOLGARDIE,
COOLONGOLOOK,N/A
COOMA,$320 
COOMA NORTH,
COOMBA BAY,
COOMBA PARK,$320 
COONABARABRAN,$245 
COONAMBLE,$200 
COONGBAR,
COOPERABUNG,
COOPERNOOK,N/A
COOPERS GULLY,
COOPERS SHOOT,N/A
COORABELL,$760 
COORANBONG,$420 
COOTAMUNDRA,$280 
COOTRALANTRA,
COOYAL,
COPACABANA,$600 
COPELAND,
COPMANHURST,N/A
CORAKI,$350 
CORALVILLE,
CORAMBA,N/A
CORBIE HILL,
CORDEAUX HEIGHTS,$600 
CORINDI BEACH,$460 
CORLETTE,$500 
CORNDALE,N/A
CORNWALLIS,
COROBIMILLA,
COROWA,$280 
CORRIMAL,$490 
COTTAGE POINT,
COURABYRA,
COURIDJAH,N/A
COUTTS CROSSING,N/A
COW FLAT,
COWAN,N/A
COWPER,
COWRA,$270 
CRABBES CREEK,N/A
CRACKENBACK,N/A
CRAIGIE,
CRANEBROOK,$430 
CRAVEN,
CREMORNE,"$1,050 "
CREMORNE JUNCTION,
CREMORNE POINT,N/A
CRESCENT HEAD,$418 
CRESTWOOD,$480 
CRINGILA,$385 
CROMER,$900 
CRONULLA,$863 
CROOKED CORNER,
CROOKWELL,$340 
CROPPA CREEK,
CROSSLANDS,N/A
CROUDACE BAY,N/A
CROWDY HEAD,
CROWS NEST,$950 
CROWTHER,
CROYDON,$650 
CROYDON PARK,$575 
CRUDINE,
CRYON,
CRYSTAL CREEK,
CUDAL,N/A
CUDGEN,N/A
CUDGERA CREEK,
CUDMIRRAH,N/A
CULBURRA BEACH,$340 
CULCAIRN,$250 
CULLEN BULLEN,N/A
CUMBALUM,$600 
CUMBERLAND REACH,
CUMBORAH,
CUMNOCK,N/A
CUNDLETOWN,$350 
CUNJURONG POINT,$195 
CURBAN,
CURL CURL,$985 
CURLEWIS,$300 
CURLWAA,N/A
CURRA CREEK,
CURRABUBULA,N/A
CURRANS HILL,$440 
CURRARONG,N/A
CURRAWANG,
CURRAWARNA,
CURROWAN,
CUTTABRI,
CUTTAGEE,
DACEYVILLE,
DAIRYMANS PLAINS,
DALEYS POINT,N/A
DALGETY,N/A
DALMENY,$390 
DALTON,
DALWOOD,
DALWOOD,
DANGAR,
DANGAR ISLAND,N/A
DANGARSLEIGH,
DAPTO,$450 
DARAWANK,N/A
DARBYS FALLS,N/A
DARETON,N/A
DARGAN,
DARK CORNER,
DARKES FOREST,
DARKWOOD,
DARLING POINT,"$1,890 "
DARLINGHURST,$850 
DARLINGTON,$770 
DARLINGTON,N/A
DARLINGTON POINT,$250 
DARTBROOK,
DARUKA,N/A
DAVIDSON,$950 
DAVIS CREEK,
DAVISTOWN,$490 
DAWES POINT,N/A
DAYSDALE,
DEAN PARK,$365 
DEE WHY,$795 
DEEP CREEK,
DEEP CREEK,
DEEP CREEK,
DEEPWATER,N/A
DEER VALE,
DELEGATE,N/A
DELUNGRA,N/A
DENHAM COURT,$550 
DENHAMS BEACH,$455 
DENILIQUIN,$270 
DENISTONE,$685 
DENISTONE EAST,$750 
DENISTONE WEST,$550 
DENMAN,$360 
DERRIWONG,
DEUA,
DEUA RIVER VALLEY,
DHARRUK,$340 
DIAMOND BEACH,$395 
DIGNAMS CREEK,
DINOGA,
DIRTY CREEK,
DOBIES BIGHT,
DOCTOR GEORGE MOUNTAIN,
DOLANS BAY,N/A
DOLLS POINT,N/A
DOLPHIN POINT,N/A
DONALD CREEK,
DONDINGALONG,N/A
DOON DOON,
DOONSIDE,$380 
DOORALONG,N/A
DORA CREEK,$395 
DORRIGO,$320 
DORRIGO MOUNTAIN,
DORROUGHBY,
DOUBLE BAY,"$1,500 "
DOUBTFUL CREEK,
DOUGLAS PARK,N/A
DOVER HEIGHTS,"$1,450 "
DOWNSIDE,
DOYALSON,N/A
DOYALSON NORTH,
DRAKE,N/A
DRAKE VILLAGE,
DRIPSTONE,
DRUMMOYNE,$750 
DUBBO,$350 
DUBBO EAST,
DUBBO GROVE,
DUBBO WEST,
DUCKENFIELD,
DUCKMALOI,
DUDLEY,$478 
DUFFYS FOREST,N/A
DULGUIGAN,
DULWICH HILL,$700 
DUM DUM,
DUMARESQ,
DUNBIBLE,N/A
DUNBOGAN,$470 
DUNDAS,$568 
DUNDAS VALLEY,$495 
DUNDEE,
DUNDURRABIN,
DUNEDOO,N/A
DUNGAY,
DUNGOG,$325 
DUNGOWAN,
DUNKELD,
DUNMORE,
DUNOLLY,
DUNOON,N/A
DUNS CREEK,N/A
DURAL,
DURAL,$655 
DURAMANA,
DURANBAH,
DURI,N/A
DURRAS NORTH,
DURREN DURREN,
DUVAL,
DYERS CROSSING,N/A
DYRAABA,
DYRRING,
EAGLE VALE,$400 
EAGLETON,
EARLWOOD,$670 
EAST ALBURY,$368 
EAST BALLINA,$560 
EAST BOWRAL,$500 
EAST BRANXTON,$390 
EAST CORRIMAL,$530 
EAST GOSFORD,$465 
EAST GRESFORD,N/A
EAST HILLS,$545 
EAST JINDABYNE,N/A
EAST KEMPSEY,$280 
EAST KILLARA,$955 
EAST KURRAJONG,N/A
EAST LINDFIELD,"$1,070 "
EAST LISMORE,$380 
EAST LYNNE,
EAST MAITLAND,$393 
EAST RYDE,N/A
EAST SEAHAM,N/A
EAST TAMWORTH,$358 
EAST WAGGA WAGGA,N/A
EAST WARDELL,N/A
EASTERN CREEK,$360 
EASTGARDENS,$815 
EASTLAKES,$690 
EASTWOOD,$650 
EATONSVILLE,
EBENEZER,$483 
EBOR,N/A
EDEN,$400 
EDEN CREEK,
EDENSOR PARK,$480 
EDGECLIFF,$900 
EDGEROI,
EDGEWORTH,$410 
EDITH,
EDMONDSON PARK,$570 
EGLINTON,$418 
ELANDS,$230 
ELANORA HEIGHTS,$735 
ELDERSLIE,
ELDERSLIE,$490 
ELEEBANA,$500 
ELERMORE VALE,$440 
ELIZABETH BAY,N/A
ELIZABETH BEACH,N/A
ELLALONG,$355 
ELLAND,
ELLANGOWAN,N/A
ELLENBOROUGH,
ELLERSTON,
ELLIS LANE,N/A
ELONG ELONG,
ELRINGTON,
ELSMORE,
ELTHAM,
ELVINA BAY,
EMERALD BEACH,$463 
EMERALD HILL,
EMERTON,$315 
EMMAVILLE,N/A
EMPIRE BAY,$480 
EMPIRE VALE,
EMU HEIGHTS,$460 
EMU PLAINS,$460 
EMU SWAMP,
ENFIELD,$580 
ENFIELD SOUTH,
ENGADINE,$620 
ENGLORIE PARK,$415 
ENMORE,$790 
ENMORE,
ENNGONIA,
EPPING,$650 
ERARING,N/A
ERIGOLIA,
ERINA,$520 
ERINA FAIR,
ERINA HEIGHTS,N/A
ERMINGTON,$520 
EROWAL BAY,$370 
ERROWANBANG,
ERSKINE PARK,$393 
ERSKINEVILLE,$730 
ESCHOL PARK,$410 
ESTELLA,$380 
ETTALONG BEACH,$385 
ETTRICK,
EUABALONG,
EUBERTA,
EUCHAREENA,
EUCUMBENE,N/A
EUGOWRA,N/A
EUMUNGERIE,
EUNANOREENYA,
EUNGAI CREEK,N/A
EUNGAI RAIL,N/A
EUNGELLA,
EUREKA,
EUROBODALLA,
EUROKA,N/A
EURUNDEREE,
EUSTON,N/A
EVANS HEAD,$478 
EVANS PLAINS,
EVELEIGH,N/A
EVIRON,
EWINGAR,
EWINGSDALE,$800 
EXETER,N/A
FAILFORD,N/A
FAIRFIELD,$440 
FAIRFIELD EAST,$430 
FAIRFIELD HEIGHTS,$510 
FAIRFIELD WEST,$470 
FAIRLIGHT,"$1,213 "
FAIRY HILL,N/A
FAIRY MEADOW,$525 
FALLS CREEK,N/A
FAR MEADOW,N/A
FARLEY,N/A
FARMBOROUGH HEIGHTS,$495 
FARNHAM,
FARRANTS HILL,
FASSIFERN,N/A
FAULCONBRIDGE,$430 
FAULKLAND,
FEDERAL,N/A
FENNELL BAY,$410 
FERN BAY,$510 
FERNBANK CREEK,
FERNBROOK,
FERNHILL,N/A
FERNLEIGH,N/A
FERNMOUNT,N/A
FERNVALE,N/A
FIDDLETOWN,
FIFIELD,
FIGTREE,$500 
FINGAL BAY,$430 
FINGAL HEAD,N/A
FINLEY,N/A
FIREFLY,N/A
FISHERMANS BAY,
FISHERMANS PARADISE,N/A
FISHERMANS REACH,
FISHING POINT,$440 
FITZROY FALLS,N/A
FIVE DOCK,$755 
FLETCHER,$523 
FLINDERS,$550 
FLORAVILLE,$550 
FLYNNS BEACH,
FORBES,$280 
FORBESDALE,
FORDS BRIDGE,
FOREST HILL,$318 
FOREST LODGE,$900 
FOREST REEFS,N/A
FORESTVILLE,$850 
FORRESTERS BEACH,$510 
FORSTER,$430 
FORSTER SHOPPING VILLAGE,
FOSTERTON,
FOUNTAINDALE,N/A
FOUR MILE CREEK,
FOXGROUND,
FRAZERS CREEK,N/A
FREDERICKTON,N/A
FREEMANS REACH,$470 
FREEMANS WATERHOLE,
FREEMANTLE,
FRENCH PARK,
FRENCHS FOREST,$875 
FRESHWATER,"$1,350 "
FROGMORE,
FULLERTON,
FULLERTON COVE,N/A
FURRACABAD,
GALONG,N/A
GALSTON,$650 
GANMAIN,N/A
GARAH,
GARDEN SUBURB,$458 
GAREMA,
GARLAND,
GARRA,
GARTHOWEN,
GATESHEAD,$380 
GELSTON PARK,
GEMALLA,
GENEVA,N/A
GEORGES HALL,$550 
GEORGES PLAINS,
GEORGETOWN,$450 
GEORGICA,N/A
GEROGERY,N/A
GERRINGONG,$555 
GERROA,N/A
GEURIE,
GIANTS CREEK,
GIBBERAGEE,
GIDGINBUNG,
GILEAD,
GILGAI,N/A
GILGANDRA,$260 
GILLIESTON HEIGHTS,$430 
GILMORE,
GINGKIN,
GIRARDS HILL,$430 
GIRILAMBONE,
GIRRAL,
GIRRALONG,
GIRRAWEEN,$480 
GIRVAN,N/A
GLADESVILLE,$700 
GLADSTONE,N/A
GLANMIRE,
GLEBE,$850 
GLEN ALPINE,$580 
GLEN AYR,
GLEN DAVIS,
GLEN INNES,$250 
GLEN MARTIN,
GLEN OAK,N/A
GLEN WILLIAM,
GLENBROOK,$560 
GLENCOE,
GLENDALE,$375 
GLENDENNING,$420 
GLENDON BROOK,N/A
GLENFIELD,$475 
GLENFIELD PARK,$340 
GLENHAVEN,$750 
GLENIFFER,N/A
GLENMORE PARK,$490 
GLENNING VALLEY,$440 
GLENORIE,$565 
GLENQUARIE,
GLENREAGH,N/A
GLENRIDDING,N/A
GLENROY,
GLENROY,$363 
GLENTHORNE,N/A
GLENUGIE,N/A
GLENWOOD,$600 
GLOSSODIA,$440 
GLOUCESTER,$345 
GOBBAGOMBALIN,$420 
GODFREYS CREEK,
GOL GOL,$360 
GOLLAN,
GOLSPIE,
GOODNIGHT,
GOODOOGA,
GOOGONG,$655 
GOOLGOWI,N/A
GOOLMA,
GOOLMANGAR,
GOOLOOGONG,N/A
GOONELLABAH,$400 
GOONENGERRY,N/A
GOONUMBLA,
GORDON,$963 
GORMANS HILL,$300 
GOROKAN,$350 
GOSFORD,N/A
GOULBURN,$360 
GOULBURN NORTH,
GOWRIE,N/A
GOWRIE,
GRABBEN GULLEN,N/A
GRAFTON,$360 
GRAFTON WEST,
GRAHAMSTOWN,
GRAMAN,
GRANVILLE,$460 
GRASMERE,N/A
GRATTAI,N/A
GRAVESEND,
GRAYS POINT,$750 
GREAT MARLOW,
GREEN HILLS,
GREEN HILLS,
GREEN HILLS,
GREEN PIGEON,N/A
GREEN POINT,$450 
GREEN POINT,$570 
GREEN VALLEY,$470 
GREENACRE,$550 
GREENDALE,
GREENDALE,
GREENETHORPE,
GREENFIELD PARK,$430 
GREENHILL,N/A
GREENLANDS,
GREENLANDS,
GREENLEIGH,N/A
GREENWELL POINT,$300 
GREENWICH,"$1,100 "
GREGADOO,
GREGORY HILLS,$500 
GREIGS FLAT,
GRENFELL,N/A
GRESFORD,N/A
GRETA,$350 
GREVILLIA,
GREYSTANES,$500 
GRIFFITH,$360 
GRIFFITH EAST,
GROGAN,
GRONG GRONG,
GROSE VALE,N/A
GROSE WOLD,N/A
GUERILLA BAY,
GUILDFORD,$450 
GUILDFORD WEST,$455 
GULARGAMBONE,N/A
GULGONG,$318 
GULMARRAD,$445 
GUM FLAT,
GUM SCRUB,
GUMLY GUMLY,N/A
GUMMA,N/A
GUNBAR,
GUNDAGAI,$290 
GUNDAROO,N/A
GUNDARY,
GUNDERMAN,N/A
GUNDY,
GUNGAL,
GUNNEDAH,$350 
GUNNING,N/A
GUNNINGBLAND,
GURLEY,
GURRANANG,
GUYRA,$270 
GWABEGAR,
GWANDALAN,$400 
GWYNNEVILLE,$500 
GYMEA,$640 
GYMEA BAY,$773 
HABERFIELD,$800 
HALEKULANI,$410 
HALFWAY CREEK,N/A
HALLIDAYS POINT,N/A
HALLORAN,
HALLS CREEK,
HALLSVILLE,N/A
HAMILTON,$485 
HAMILTON EAST,$600 
HAMILTON NORTH,$460 
HAMILTON SOUTH,$590 
HAMLYN TERRACE,$490 
HAMMONDVILLE,$495 
HAMPTON,
HANGING ROCK,
HANNAM VALE,
HANWOOD,N/A
HARDEN,$250 
HARDYS BAY,N/A
HAREFIELD,
HARGRAVES,N/A
HARRINGTON,$480 
HARRINGTON PARK,$550 
HARRIS PARK,$480 
HARTLEY,N/A
HARTLEY VALE,
HARWOOD,$450 
HASSALL GROVE,$400 
HASTINGS POINT,N/A
HAT HEAD,N/A
HATFIELD,
HAVILAH,
HAWKESBURY HEIGHTS,N/A
HAWKS NEST,$340 
HAY,$205 
HAYMARKET,N/A
HAYWARDS BAY,N/A
HAZELBROOK,$425 
HAZELGROVE,
HEATHCOTE,$600 
HEATHERBRAE,N/A
HEBERSHAM,$340 
HECKENBERG,$395 
HEDDON GRETA,$435 
HELENSBURGH,$580 
HENLEY,N/A
HENTY,N/A
HERMIDALE,
HERNANI,
HERONS CREEK,
HEXHAM,N/A
HICKEYS CREEK,N/A
HIGHFIELDS,$438 
HILL END,
HILL TOP,
HILL TOP,$450 
HILLDALE,
HILLGROVE,N/A
HILLSBOROUGH,N/A
HILLSBOROUGH,
HILLSDALE,N/A
HILLSTON,$295 
HILLVILLE,
HILLVUE,$390 
HINCHINBROOK,$480 
HINTON,N/A
HOBARTVILLE,$395 
HOBBYS YARDS,
HOLBROOK,N/A
HOLGATE,N/A
HOLMESVILLE,$333 
HOLROYD,N/A
HOLSWORTHY,$500 
HOMEBUSH,$620 
HOMEBUSH SOUTH,
HOMEBUSH WEST,N/A
HOPKINS CREEK,
HORNINGSEA PARK,$530 
HORNSBY,$590 
HORNSBY HEIGHTS,$600 
HORSESHOE BEND,N/A
HORSFIELD BAY,$505 
HORSLEY,$490 
HORSLEY PARK,$400 
HOSKINSTOWN,
HOWES VALLEY,
HOWLONG,$310 
HOXTON PARK,$500 
HUMULA,
HUNTERS HILL,"$1,000 "
HUNTERVIEW,$410 
HUNTINGWOOD,
HUNTLEY,
HUNTLEY,
HUNTLEYS COVE,N/A
HUNTLEYS POINT,
HUONBROOK,
HURLSTONE PARK,$610 
HURSTVILLE,$580 
HURSTVILLE GROVE,$645 
HURSTVILLE WESTFIELD,
HUSKISSON,$420 
HYAMS BEACH,N/A
HYLAND PARK,N/A
ILARWILL,N/A
ILFORD,N/A
ILLABO,
ILLAWONG,$775 
ILUKA,$400 
INGEBIRAH,
INGLEBURN,$415 
INGLESIDE,N/A
INVERELL,$310 
INVERGOWRIE,N/A
IRVINGTON,
ISABELLA,
ISLINGTON,$445 
IVANHOE,N/A
JACKADGERY,
JACKS CREEK,
JAMBEROO,$550 
JAMES CREEK,
JAMISONTOWN,$435 
JANNALI,$580 
JASPERS BRUSH,N/A
JEMBAICUMBENE,
JENNINGS,
JEOGLA,
JERANGLE,
JEREMADRA,
JERILDERIE,N/A
JERRABOMBERRA,$640 
JERRARA,
JERRAWA,
JERRYS PLAINS,N/A
JERSEYVILLE,
JESMOND,$390 
JEWELLS,$490 
JIGGI,N/A
JILLIBY,$600 
JINDABYNE,N/A
JINDERA,$380 
JINGELLIC,
JOHNS RIVER,N/A
JONES CREEK,
JUDDS CREEK,
JUGIONG,N/A
JUNCTION HILL,$420 
JUNEE,$270 
KAHIBAH,$440 
KALANG,N/A
KALARU,N/A
KALKITE,$465 
KAMARAH,
KANAHOOKA,$470 
KANDOS,$248 
KANGALOON,N/A
KANGAROO CREEK,
KANGAROO POINT,N/A
KANGAROO VALLEY,N/A
KANGY ANGY,
KANWAL,$390 
KAPOOKA,
KARABAR,$480 
KARANGI,N/A
KAREELA,$720 
KARIONG,$430 
KARS SPRINGS,
KARUAH,$340 
KATOOMBA,$415 
KEARNS,$420 
KEARSLEY,N/A
KEINBAH,
KEIRAVILLE,$580 
KEITH HALL,
KELLYS PLAINS,
KELLYVILLE,$644 
KELLYVILLE RIDGE,$610 
KELSO,$400 
KELVIN,
KEMBLA GRANGE,$470 
KEMBLA HEIGHTS,
KEMPS CREEK,$480 
KEMPSEY,$265 
KENDALL,$354 
KENEBRI,
KENSINGTON,$950 
KENTHURST,$460 
KENTLYN,N/A
KENTUCKY,
KENTUCKY SOUTH,
KEW,$400 
KHANCOBAN,N/A
KIAH,
KIAMA,$550 
KIAMA DOWNS,$540 
KIAMA HEIGHTS,$570 
KIANGA,N/A
KIELVALE,N/A
KIKOIRA,
KILABEN BAY,$380 
KILLABAKH,N/A
KILLARA,"$1,100 "
KILLARNEY HEIGHTS,$975 
KILLARNEY VALE,$420 
KILLAWARRA,
KILLCARE,N/A
KILLCARE HEIGHTS,N/A
KILLINGWORTH,N/A
KIMBRIKI,
KINCHELA,N/A
KINCUMBER,$490 
KINCUMBER SOUTH,N/A
KINDEE,
KING CREEK,N/A
KINGFISHER SHORES,
KINGS LANGLEY,$520 
KINGS PARK,$440 
KINGS PLAINS,
KINGS PLAINS,
KINGS POINT,N/A
KINGSCLIFF,$640 
KINGSDALE,
KINGSDENE,
KINGSFORD,$800 
KINGSGROVE,$600 
KINGSTOWN,
KINGSVALE,
KINGSWAY WEST,
KINGSWOOD,N/A
KINGSWOOD,
KINGSWOOD,$370 
KIOLOA,"$1,050 "
KIORA,
KIRKHAM,N/A
KIRRAWEE,$590 
KIRRIBILLI,$980 
KITCHENER,N/A
KNOCKROW,
KNORRIT FLAT,
KOGARAH,$583 
KOGARAH BAY,$550 
KOOLEWONG,$420 
KOONAWARRA,$430 
KOONORIGAN,
KOORAGANG,
KOORAINGHAT,
KOORAWATHA,N/A
KOORINGAL,$330 
KOOTINGAL,$320 
KORALEIGH,N/A
KOREELAH,
KORORA,$503 
KOTARA,$480 
KOTARA EAST,
KOTARA FAIR,
KOTARA SOUTH,$460 
KRAMBACH,N/A
KREMNOS,
KULNURA,N/A
KUNAMA,
KUNDABUNG,N/A
KUNDIBAKH,
KUNDLE KUNDLE,N/A
KUNGALA,
KUNGHUR,
KURMOND,$520 
KURNELL,$588 
KURRAJONG,$550 
KURRAJONG HEIGHTS,$450 
KURRAJONG HILLS,N/A
KURRI KURRI,$330 
KYALITE,
KYEEMAGH,$670 
KYLE BAY,N/A
KYNNUMBOON,
KYOGLE,$315 
LA PEROUSE,
LACMALAC,
LADYSMITH,N/A
LAGGAN,N/A
LAGUNA,N/A
LAKE ALBERT,$350 
LAKE BATHURST,
LAKE CARGELLIGO,N/A
LAKE CATHIE,$450 
LAKE CONJOLA,N/A
LAKE HAVEN,$380 
LAKE HEIGHTS,$433 
LAKE HUME VILLAGE,
LAKE ILLAWARRA,$430 
LAKE INNES,N/A
LAKE MUNMORAH,$380 
LAKE TABOURIE,$370 
LAKE WYANGAN,N/A
LAKELANDS,N/A
LAKEMBA,$500 
LAKESLAND,N/A
LAKEWOOD,$430 
LALALTY,
LALOR PARK,$380 
LAMBS VALLEY,N/A
LAMBS VALLEY,
LAMBTON,$450 
LANE COVE,$925 
LANE COVE NORTH,$820 
LANE COVE WEST,$850 
LANGLEY VALE,
LANITZA,
LANSDOWNE,N/A
LANSDOWNE,
LANSVALE,$500 
LAPSTONE,N/A
LARGS,$450 
LARNOOK,N/A
LARRAS LEE,
LAUGHTONDALE,
LAUREL HILL,
LAURIETON,$360 
LAVENDER BAY,N/A
LAVINGTON,$305 
LAVINGTON DC,
LAWRENCE,N/A
LAWSON,$440 
LEADVILLE,
LEETON,$310 
LEEVILLE,
LEGUME,N/A
LEICHHARDT,$750 
LEMON TREE,
LEMON TREE PASSAGE,$385 
LENNOX HEAD,$600 
LEONAY,$498 
LEPPINGTON,$540 
LERIDA,
LERIDA,
LETHBRIDGE PARK,$300 
LEUMEAH,$380 
LEURA,$450 
LEWIS PONDS,
LEWISHAM,$700 
LIBERTY GROVE,$860 
LIDCOMBE,$510 
LIDCOMBE NORTH,
LIDSDALE,N/A
LIDSTER,N/A
LIGHTHOUSE BEACH,
LIGHTNING RIDGE,N/A
LILLI PILLI,$580 
LILLI PILLI,$870 
LILLIAN ROCK,
LILYFIELD,$793 
LIMEBURNERS CREEK,N/A
LIMEBURNERS CREEK,
LIMEKILNS,
LIMERICK,
LIMPINWOOD,
LINDEN,N/A
LINDENDALE,
LINDFIELD,$935 
LINDFIELD WEST,
LINLEY POINT,N/A
LISAROW,$520 
LISMORE,$380 
LISMORE HEIGHTS,$395 
LISTON,
LITHGOW,$300 
LITTLE BAY,"$1,125 "
LITTLE FOREST,N/A
LITTLE HARTLEY,N/A
LITTLE PLAIN,
LITTLE RIVER,
LIVERPOOL,$430 
LIVERPOOL SOUTH,
LIVERPOOL WESTFIELD,
LLANARTH,$425 
LLANDILO,$550 
LLANGOTHLIN,
LLOYD,$430 
LOCHIEL,N/A
LOCHINVAR,N/A
LOCKHART,$110 
LOCKSLEY,
LOFTUS,$630 
LOGANS CROSSING,
LOGIE BRAE,
LONDONDERRY,$550 
LONG BEACH,$450 
LONG FLAT,
LONG JETTY,$400 
LONG PLAIN,
LONG PLAIN,
LONG POINT,
LONG POINT,
LONGUEVILLE,N/A
LOOMBERAH,N/A
LORD HOWE ISLAND,
LORN,$420 
LORNE,N/A
LOSTOCK,
LOUTH,
LOUTH PARK,N/A
LOVEDALE,N/A
LOVETT BAY,N/A
LOWANNA,N/A
LOWER BELFORD,N/A
LOWER CREEK,
LOWER MACDONALD,N/A
LOWER MANGROVE,
LOWER PORTLAND,N/A
LOWER SOUTHGATE,
LOWESDALE,
LOWTHER,
LOXFORD,
LUCAS HEIGHTS,
LUCKNOW,
LUDDENHAM,$650 
LUE,
LUGARNO,$580 
LURNEA,$420 
LUSKINTYRE,
LYNCHS CREEK,
LYNDHURST,
LYNDHURST,N/A
LYNWOOD,
MABINS WELL,
MACARTHUR SQUARE,
MACKSVILLE,$370 
MACLEAN,$378 
MACMASTERS BEACH,$600 
MACQUARIE CENTRE,
MACQUARIE FIELDS,$383 
MACQUARIE HILLS,$498 
MACQUARIE LINKS,$530 
MACQUARIE PARK,N/A
MAGENTA,N/A
MAIANBAR,N/A
MAIN ARM,N/A
MAIN CREEK,
MAITLAND,$345 
MAITLAND NORTH,
MAITLAND VALE,
MAJORS CREEK,N/A
MALABAR,"$1,000 "
MALLABULA,$390 
MALLANGANEE,
MALONEYS BEACH,$400 
MALUA BAY,"$1,025 "
MANAHAN,
MANDAGERY,
MANDALONG,N/A
MANDURAMA,N/A
MANGERTON,$550 
MANGOPLAH,N/A
MANGROVE MOUNTAIN,N/A
MANILDRA,N/A
MANILLA,N/A
MANLY,"$1,475 "
MANLY EAST,
MANLY VALE,$950 
MANNERING PARK,$390 
MANNING POINT,N/A
MANNUS,
MANYANA,N/A
MARAYLYA,$550 
MARAYONG,$390 
MARCH,
MARDI,$460 
MARKS POINT,$410 
MARKWELL,
MARLEE,N/A
MARMONG POINT,N/A
MAROOTA,N/A
MAROUBRA,$883 
MAROUBRA SOUTH,
MARRANGAROO,N/A
MARRAR,N/A
MARRICKVILLE,$750 
MARRICKVILLE METRO,
MARRICKVILLE SOUTH,
MARSDEN PARK,$550 
MARSFIELD,$695 
MARSHALL MOUNT,
MARSHDALE,
MARTINS CREEK,N/A
MARTINSVILLE,N/A
MARULAN,$440 
MARYLAND,$440 
MARYLAND,
MARYVALE,
MARYVILLE,$488 
MASCOT,$680 
MATCHAM,N/A
MATHESON,
MATHOURA,N/A
MATONG,
MATRAVILLE,"$1,025 "
MAUDE,
MAULES CREEK,
MAYFIELD,$430 
MAYFIELD,
MAYFIELD,
MAYFIELD,
MAYFIELD EAST,$420 
MAYFIELD NORTH,
MAYFIELD WEST,$430 
MAYRUNG,
MAYS HILL,N/A
MCDOUGALLS HILL,
MCGRATHS HILL,$470 
MCKEES HILL,
MCLEANS RIDGES,N/A
MCMAHONS POINT,"$1,000 "
MEADOW FLAT,N/A
MEADOWBANK,N/A
MEDLOW BATH,$395 
MEDOWIE,$470 
MEDWAY,
MEDWAY,
MEERSCHAUM VALE,N/A
MEGALONG,
MEGAN,N/A
MELINGA,
MELROSE PARK,$755 
MELVILLE,
MENAI,$700 
MENAI CENTRAL,
MENANGLE,N/A
MENANGLE PARK,N/A
MENDOORAN,N/A
MENINDEE,N/A
MERAH NORTH,
MEREWETHER,$563 
MEREWETHER HEIGHTS,$778 
MERIMBULA,$450 
MERINGO,
MEROO MEADOW,N/A
MERRIWA,$250 
MERRIWAGGA,
MERRYGOEN,
MERRYLANDS,$480 
MERRYLANDS WEST,$500 
MERUNGLE HILL,N/A
METFORD,$390 
METFORD DC,
MIANDETTA,
MICHELAGO,N/A
MIDDLE ARM,N/A
MIDDLE BROOK,
MIDDLE COVE,"$1,100 "
MIDDLE DURAL,N/A
MIDDLETON GRANGE,$520 
MILA,
MILBRODALE,
MILBRULONG,
MILLBANK,
MILLER,$400 
MILLERS FOREST,
MILLERS POINT,"$1,000 "
MILLFIELD,N/A
MILLINGANDI,N/A
MILLTHORPE,N/A
MILPERRA,$550 
MILROY,
MILSONS PASSAGE,
MILSONS POINT,N/A
MILTON,$380 
MILVALE,
MIMOSA,
MINCHINBURY,$458 
MINIMBAH,N/A
MINMI,N/A
MINNAMURRA,$640 
MINNIE WATER,N/A
MINORE,
MINTO,$405 
MINTO HEIGHTS,
MIRANDA,$650 
MIRRABOOKA,$358 
MIRROOL,
MISSABOTTI,N/A
MISSENDEN ROAD,
MITCHELLS FLAT,
MITCHELLS ISLAND,N/A
MITTAGONG,$470 
MOAMA,$435 
MODANVILLE,$395 
MOGAREEKA,
MOGENDOURA,
MOGO,N/A
MOGO,
MOGRIGUY,
MOLE RIVER,
MOLLYMOOK,$520 
MOLLYMOOK BEACH,$650 
MOLONG,$305 
MONA VALE,$950 
MONAK,
MONALTRIE,
MONASH PARK,
MONDROOK,
MONGA,
MONGARLOWE,
MONGOGARIE,
MONKERAI,
MONTEAGLE,N/A
MONTEFIORES,N/A
MONTEREY,$650 
MOOBALL,N/A
MOOMBOOLDOOL,
MOONAN BROOK,
MOONAN FLAT,
MOONBAH,$525 
MOONBI,N/A
MOONEE BEACH,$480 
MOONEY MOONEY,
MOORAL CREEK,
MOORBEL,N/A
MOORE CREEK,$493 
MOORE PARK,
MOOREBANK,$580 
MOORLAND,N/A
MORANS CROSSING,
MOREE,$290 
MOREE EAST,
MORISSET,$395 
MORISSET PARK,$465 
MORNING BAY,
MORPETH,$410 
MORTDALE,$600 
MORTLAKE,N/A
MORTONS CREEK,
MORUNDAH,
MORUYA,$380 
MORUYA HEADS,$390 
MORVEN,
MORVEN,
MOSMAN,"$1,563 "
MOSS VALE,$460 
MOSSGIEL,
MOSSY POINT,$500 
MOTO,
MOULAMEIN,N/A
MOUNT ANNAN,$460 
MOUNT ARTHUR,
MOUNT AUSTIN,$290 
MOUNT BURRELL,
MOUNT COLAH,$595 
MOUNT DAVID,
MOUNT DRUITT,$380 
MOUNT DRUITT VILLAGE,
MOUNT ELLIOT,N/A
MOUNT GEORGE,N/A
MOUNT HOPE,
MOUNT HOREB,
MOUNT HUNTER,N/A
MOUNT HUTTON,$420 
MOUNT IRVINE,
MOUNT KEIRA,$530 
MOUNT KEMBLA,N/A
MOUNT KURING GAI,$640 
MOUNT LEWIS,$460 
MOUNT MITCHELL,
MOUNT OLIVE,
MOUNT OLIVE,
MOUNT OUSLEY,$590 
MOUNT PLEASANT,N/A
MOUNT PRITCHARD,$400 
MOUNT RANKIN,
MOUNT RIVERVIEW,$440 
MOUNT RUSSELL,
MOUNT SAINT THOMAS,N/A
MOUNT THORLEY,
MOUNT TOMAH,
MOUNT VERNON,N/A
MOUNT VICTORIA,$450 
MOUNT VIEW,
MOUNT VINCENT,
MOUNT VINCENT,
MOUNT WARRIGAL,$468 
MOUNT WHITE,
MOUNT WILSON,N/A
MOUNTAIN CREEK,
MOUNTAIN CREEK,
MOUNTAIN LAGOON,
MOUNTAIN VIEW,
MUDGEE,$390 
MULBRING,N/A
MULGOA,$548 
MULGRAVE,
MULLALEY,
MULLAWAY,N/A
MULLENGANDRA,
MULLENGUDGERY,
MULLION CREEK,N/A
MULLUMBIMBY,$610 
MULLUMBIMBY CREEK,N/A
MULWALA,$330 
MUMBIL,N/A
MUMBULLA MOUNTAIN,
MUMMEL,
MUMMULGUM,
MUNDONGO,
MUNGAY CREEK,
MUNGINDI,N/A
MUNNI,
MURGA,
MURRAH,
MURRAMI,
MURRAYS BEACH,$580 
MURRINGO,N/A
MURRUMBATEMAN,$550 
MURRUMBURRAH,N/A
MURRURUNDI,$270 
MURWILLUMBAH,$450 
MURWILLUMBAH SOUTH,
MUSWELLBROOK,$380 
MUTTAMA,
MYLESTOM,$400 
MYOCUM,$545 
MYOLA,
MYRTLE CREEK,
MYSTERY BAY,N/A
NABIAC,$395 
NAMBUCCA HEADS,$350 
NANA GLEN,$400 
NANGUS,N/A
NANIMA,
NAPOLEON REEF,
NARADHAN,
NARARA,$450 
NARELLAN,$430 
NARELLAN VALE,$450 
NAREMBURN,"$1,000 "
NAROOMA,N/A
NARRABEEN,"$1,050 "
NARRABRI,$350 
NARRABRI WEST,
NARRABURRA,
NARRANDERA,$240 
NARRAWALLEE,$500 
NARRAWEENA,$750 
NARROMINE,$308 
NARWEE,$585 
NASHDALE,N/A
NASHUA,
NATTAI,
NEATH,$275 
NEILREX,
NELLIGEN,N/A
NELSON,
NELSON,
NELSON BAY,$450 
NELSONS PLAINS,
NELUNGALOO,
NEMINGHA,N/A
NERICON,
NERONG,N/A
NERRIGA,
NERRIGUNDAH,
NETHERCOTE,N/A
NEUREA,
NEUTRAL BAY,$850 
NEUTRAL BAY JUNCTION,
NEVERTIRE,
NEVILLE,N/A
NEW BERRIMA,N/A
NEW BRIGHTON,N/A
NEW LAMBTON,$455 
NEW LAMBTON HEIGHTS,$490 
NEW PARK,
NEWBRIDGE,N/A
NEWCASTLE,N/A
NEWCASTLE EAST,N/A
NEWCASTLE UNIVERSITY,
NEWCASTLE WEST,N/A
NEWEE CREEK,N/A
NEWINGTON,$750 
NEWPORT,$875 
NEWPORT BEACH,
NEWRYBAR,N/A
NEWTON BOYD,
NEWTOWN,$750 
NIAGARA PARK,$450 
NIANGALA,
NIMBIN,$400 
NIMMITABEL,N/A
NOBBYS CREEK,N/A
NORAH HEAD,$410 
NORAVILLE,$390 
NORDS WHARF,$373 
NORFOLK ISLAND,
NORMANHURST,$650 
NORTH ALBURY,$280 
NORTH ARM,
NORTH ARM COVE,$370 
NORTH AVOCA,$575 
NORTH BALGOWLAH,"$1,100 "
NORTH BATEMANS BAY,N/A
NORTH BOAMBEE VALLEY,$503 
NORTH BONDI,"$1,250 "
NORTH CASINO,N/A
NORTH CURL CURL,"$1,055 "
NORTH DORRIGO,N/A
NORTH EPPING,$650 
NORTH GOSFORD,$428 
NORTH HAVEN,$395 
NORTH LAMBTON,$400 
NORTH LISMORE,N/A
NORTH MACKSVILLE,N/A
NORTH MANLY,$925 
NORTH NAROOMA,N/A
NORTH NARRABEEN,$850 
NORTH NOWRA,$428 
NORTH PARRAMATTA,$500 
NORTH RICHMOND,$440 
NORTH ROCKS,$550 
NORTH ROTHBURY,$440 
NORTH RYDE,$650 
NORTH SHORE,N/A
NORTH ST MARYS,$340 
NORTH STAR,
NORTH STRATHFIELD,$720 
NORTH SYDNEY,$875 
NORTH SYDNEY SHOPPINGWORLD,
NORTH TAMWORTH,$375 
NORTH TUMBULGUM,
NORTH TURRAMURRA,"$1,050 "
NORTH WAGGA WAGGA,$320 
NORTH WAHROONGA,"$1,025 "
NORTH WILLOUGHBY,$935 
NORTH WOLLONGONG,N/A
NORTH YEOVAL,
NORTHBRIDGE,"$1,200 "
NORTHMEAD,$490 
NORTHWOOD,"$1,600 "
NOWENDOC,
NOWRA,$380 
NOWRA DC,
NOWRA EAST,
NOWRA HILL,N/A
NULKABA,N/A
NULLAMANNA,
NUMBAA,
NUMBLA VALE,
NUMBUGGA,
NUMERALLA,N/A
NUMINBAH,
NUMULGI,
NUNDERI,N/A
NUNDLE,N/A
NYMAGEE,
NYMBOIDA,N/A
NYNGAN,N/A
O'CONNELL,N/A
OAK FLATS,$470 
OAK FLATS DC,
OAKDALE,$410 
OAKHAMPTON,
OAKHAMPTON HEIGHTS,
OAKHURST,$400 
OAKLANDS,N/A
OAKVILLE,N/A
OAKWOOD,
OATLANDS,$600 
OATLEY,$620 
OBERNE CREEK,
OBERON,$330 
OBLEY,
OCEAN SHORES,$590 
OLD ADAMINABY,
OLD BAR,$400 
OLD BONALBO,
OLD EROWAL BAY,$365 
OLD GUILDFORD,$430 
OLD JUNEE,
OLD KOREELAH,
OLD TOONGABBIE,$463 
ONE MILE,N/A
OOTHA,
ORANGE,$370 
ORANGE EAST,
ORANGE GROVE,
ORANGEVILLE,N/A
ORCHARD HILLS,N/A
ORIENT POINT,N/A
OSTERLEY,
OTFORD,N/A
OURA,N/A
OURIMBAH,$420 
OXFORD FALLS,
OXLEY,
OXLEY,
OXLEY ISLAND,N/A
OXLEY PARK,$360 
OXLEY VALE,$350 
OYSTER BAY,$690 
PACIFIC PALMS,
PADDINGTON,"$1,100 "
PADDYS FLAT,
PADDYS FLAT,
PADDYS RIVER,
PADDYS RIVER,
PADSTOW,$560 
PADSTOW HEIGHTS,$600 
PAGEWOOD,$910 
PALING YARDS,
PALING YARDS,
PALLAMALLAWA,N/A
PALM BEACH,"$1,100 "
PALM GROVE,
PALMDALE,
PALMERS CHANNEL,
PALMERS ISLAND,N/A
PAMBULA,N/A
PAMBULA BEACH,$470 
PAMPOOLAH,N/A
PANANIA,$600 
PARINGI,
PARKES,$320 
PARKESBOURNE,N/A
PARKLEA,$495 
PARKVILLE,N/A
PARMA,
PARRAMATTA,$490 
PARRAMATTA WESTFIELD,
PATERSON,N/A
PATONGA,N/A
PAXTON,$350 
PEAK HILL,N/A
PEAK VIEW,
PEAKHURST,$600 
PEAKHURST HEIGHTS,N/A
PEARL BEACH,$500 
PEATS RIDGE,
PEEL,
PEELWOOD,
PELAW MAIN,$330 
PELICAN,$450 
PELTON,
PEMBROOKE,
PEMULWUY,$640 
PENDLE HILL,$470 
PENNANT HILLS,$650 
PENRITH,$395 
PENROSE,N/A
PENROSE,N/A
PENSHURST,$620 
PERISHER VALLEY,
PERTHVILLE,N/A
PETERSHAM,$720 
PETERSHAM NORTH,
PHEASANTS NEST,N/A
PHEGANS BAY,$470 
PHILLIP BAY,N/A
PIALLAMORE,
PIALLAWAY,
PICKETTS VALLEY,
PICNIC POINT,$635 
PICTON,$430 
PIGGABEEN,N/A
PILLAR VALLEY,N/A
PILLIGA,
PIMLICO,
PINDIMAR,N/A
PIORA,
PITT TOWN,$650 
PITT TOWN BOTTOMS,
PLEASANT HILLS,
PLEASURE POINT,N/A
PLUMPTON,$420 
POINT CLARE,$425 
POINT FREDERICK,$695 
POINT PIPER,N/A
POKOLBIN,N/A
POONCARIE,
PORT BOTANY,
PORT HACKING,N/A
PORT KEMBLA,$425 
PORT MACQUARIE,$450 
PORT MACQUARIE BC,
PORTERS RETREAT,
PORTLAND,$290 
POSSUM BRUSH,
POSSUM CREEK,
POTATO POINT,N/A
POTTS HILL,N/A
POTTS POINT,N/A
POTTSVILLE,$583 
POTTSVILLE BEACH,
PRAIRIEWOOD,$445 
PREMER,
PRESTONS,$525 
PRETTY BEACH,N/A
PRETTY BEACH,
PRIMBEE,$415 
PROSPECT,$410 
PULLABOOKA,
PULLETOP,
PUMPENBIL,
PUNCHBOWL,
PUNCHBOWL,$520 
PURFLEET,
PURLEWAUGH,
PUTNEY,"$1,095 "
PUTTA BUCCA,
PUTTY,N/A
PYMBLE,"$1,000 "
PYREE,
PYRMONT,$770 
QUAAMA,N/A
QUAKERS HILL,$450 
QUAMBONE,
QUANDIALLA,
QUEANBEYAN,$470 
QUEANBEYAN EAST,$470 
QUEANBEYAN WEST,$480 
QUEENS PARK,"$1,450 "
QUEENSCLIFF,$875 
QUIALIGO,
QUIRINDI,$270 
QUORROBOLONG,N/A
RABY,$420 
RAGLAN,$380 
RAINBOW FLAT,N/A
RALEIGH,N/A
RAMORNIE,
RAMSGATE,$600 
RAMSGATE BEACH,N/A
RAND,
RANDWICK,$950 
RANKIN PARK,$480 
RANKINS SPRINGS,
RAPPVILLE,N/A
RATHMINES,$425 
RAVENSDALE,
RAVENSWOOD,N/A
RAVENSWORTH,
RAWORTH,$450 
RAYMOND TERRACE,$360 
RAYMOND TERRACE EAST,
RAZORBACK,N/A
RAZORBACK,
RED HEAD,$390 
RED HILL,
RED HILL,
RED HILL,
RED RANGE,
RED ROCK,N/A
REDBANK,N/A
REDBOURNBERRY,N/A
REDDESTONE,
REDFERN,$800 
REDHEAD,$490 
REEDY CREEK,
REEDY CREEK,
REEFTON,
REGENTS PARK,$478 
REGENTVILLE,$408 
REIDS FLAT,
REIDSDALE,
RENNIE,
REPTON,N/A
RESERVE CREEK,
REVESBY,$550 
REVESBY HEIGHTS,$670 
REVESBY NORTH,
RHODES,$600 
RICHMOND,$420 
RICHMOND HILL,N/A
RICHMOND LOWLANDS,
RILEYS HILL,
RIVERSIDE,N/A
RIVERSTONE,$500 
RIVERVIEW,"$1,100 "
RIVERVIEW,
RIVERWOOD,$520 
ROBERTSON,$460 
ROBIN HILL,N/A
ROCK FLAT,
ROCK FOREST,
ROCK VALLEY,
ROCKDALE,$610 
ROCKDALE DC,
ROCKLEY,N/A
ROCKY CREEK,
ROCKY CREEK,
ROCKY HALL,
ROCKY POINT,N/A
ROCKY RIVER,
ROCKY RIVER,
RODD POINT,$850 
ROLLANDS PLAINS,
ROOTY HILL,$420 
ROPES CROSSING,$495 
ROSE BAY,"$1,400 "
ROSE BAY NORTH,
ROSE VALLEY,
ROSE VALLEY,
ROSEBANK,N/A
ROSEBERRY,
ROSEBERRY CREEK,
ROSEBERY,$750 
ROSEDALE,"$1,000 "
ROSEHILL,N/A
ROSELANDS,$585 
ROSEMEADOW,$390 
ROSEVILLE,"$1,130 "
ROSEVILLE CHASE,"$1,200 "
ROSEWOOD,
ROSEWOOD,
ROSLYN,
ROSSMORE,$550 
ROTHBURY,N/A
ROTO,
ROUCHEL,
ROUND CORNER,
ROUND MOUNTAIN,
ROUS,N/A
ROUS MILL,
ROUSE HILL,$600 
ROWENA,
ROWLANDS CREEK,
ROYAL NORTH SHORE HOSPITAL,
ROYALLA,N/A
ROZELLE,$775 
RUFUS RIVER,
RUGBY,
RUKENVALE,
RUN O WATERS,N/A
RUNNING STREAM,
RUNNYFORD,
RUSE,$418 
RUSHCUTTERS BAY,N/A
RUSSELL LEA,$875 
RUSSELL VALE,$550 
RUTHERFORD,$380 
RYAN,
RYDAL,N/A
RYDALMERE,$495 
RYDE,$660 
RYE PARK,N/A
RYLSTONE,$300 
SACKVILLE,N/A
SACKVILLE NORTH,
SADLEIR,$358 
SAFETY BEACH,$500 
SALAMANDER BAY,$450 
SALISBURY,
SALT ASH,N/A
SAN ISIDORE,N/A
SAN REMO,$360 
SANCROX,N/A
SANCTUARY POINT,$380 
SANDGATE,
SANDRINGHAM,$650 
SANDY BEACH,$440 
SANDY CREEK,
SANDY CREEK,
SANDY FLAT,
SANDY HOLLOW,N/A
SANDY POINT,N/A
SANS SOUCI,$650 
SAPPHIRE BEACH,$550 
SARATOGA,$520 
SAUMAREZ,
SAUMAREZ PONDS,N/A
SAVERNAKE,
SAWTELL,$448 
SAWYERS GULLY,N/A
SCARBOROUGH,N/A
SCHEYVILLE,
SCHOFIELDS,$550 
SCONE,$340 
SCOTLAND ISLAND,N/A
SCOTTS HEAD,N/A
SEAFORTH,"$1,200 "
SEAHAM,N/A
SEAHAMPTON,N/A
SEAL ROCKS,
SEBASTOPOL,
SEDGEFIELD,
SEELANDS,N/A
SEFTON,$470 
SEGENHOE,
SETTLEMENT CITY,
SEVEN HILLS,$410 
SEXTONVILLE,
SHALVEY,$330 
SHANES PARK,
SHANNON BROOK,
SHANNON VALE,N/A
SHANNONS FLAT,
SHELL COVE,$590 
SHELLHARBOUR,$505 
SHELLHARBOUR CITY CENTRE,N/A
SHELLY BEACH,$470 
SHERWOOD,
SHERWOOD,
SHERWOOD,
SHOAL BAY,$425 
SHOALHAVEN HEADS,$440 
SHOOTERS HILL,
SHORTLAND,$380 
SILVERDALE,$515 
SILVERTON,
SILVERWATER,N/A
SILVERWATER,N/A
SINGLETON,$400 
SINGLETON HEIGHTS,$395 
SKENNARS HEAD,$590 
SLEEPY HOLLOW,
SMEATON GRANGE,
SMITHFIELD,$450 
SMITHFIELD WEST,
SMITHS CREEK,N/A
SMITHS CREEK,
SMITHS CREEK,
SMITHS LAKE,$390 
SMITHTOWN,N/A
SODWALLS,
SOFALA,N/A
SOLDIERS POINT,$475 
SOMERSBY,$735 
SOMERTON,N/A
SOUTH ALBURY,$305 
SOUTH ARM,
SOUTH ARM,
SOUTH BOWENFELS,N/A
SOUTH BROKEN HILL,
SOUTH COOGEE,"$1,250 "
SOUTH DURRAS,$700 
SOUTH GOLDEN BEACH,$600 
SOUTH GRAFTON,$330 
SOUTH GRANVILLE,$433 
SOUTH GUNDAGAI,$290 
SOUTH GUNDURIMBA,N/A
SOUTH HURSTVILLE,$600 
SOUTH KEMPSEY,$300 
SOUTH LISMORE,$368 
SOUTH MAITLAND,N/A
SOUTH MAROOTA,N/A
SOUTH MURWILLUMBAH,$450 
SOUTH NOWRA,$475 
SOUTH PAMBULA,N/A
SOUTH PENRITH,$420 
SOUTH TAMWORTH,$310 
SOUTH TURRAMURRA,$850 
SOUTH WENTWORTHVILLE,$480 
SOUTH WEST ROCKS,$400 
SOUTH WINDSOR,$420 
SOUTHGATE,
SPEERS POINT,$460 
SPENCER,N/A
SPICERS CREEK,
SPIT JUNCTION,
SPLITTERS CREEK,
SPRING CREEK,
SPRING FARM,$500 
SPRING GROVE,$280 
SPRING HILL,
SPRING HILL,N/A
SPRING RIDGE,N/A
SPRING TERRACE,
SPRINGDALE,
SPRINGDALE HEIGHTS,$315 
SPRINGFIELD,
SPRINGFIELD,$450 
SPRINGRANGE,
SPRINGSIDE,
SPRINGVALE,N/A
SPRINGWOOD,$450 
ST ALBANS,
ST ANDREWS,$420 
ST CLAIR,
ST CLAIR,$430 
ST FILLANS,N/A
ST GEORGES BASIN,$410 
ST HELENS PARK,$390 
ST HUBERTS ISLAND,$620 
ST IVES,$965 
ST IVES CHASE,$950 
ST JOHNS PARK,$480 
ST LEONARDS,N/A
ST MARYS,$360 
ST MARYS SOUTH,
ST PAULS,
ST PETERS,$730 
STANBRIDGE,
STANFORD MERTHYR,N/A
STANHOPE,
STANHOPE GARDENS,$560 
STANMORE,$820 
STANNIFER,
STANNUM,
STANWELL PARK,$725 
STANWELL TOPS,N/A
STEWARTS RIVER,
STOCKINBINGAL,N/A
STOCKTON,$440 
STOKERS SIDING,N/A
STONEHENGE,
STONY CREEK,
STONY CREEK,
STRATFORD,
STRATHEDEN,
STRATHFIELD,$700 
STRATHFIELD SOUTH,$603 
STROUD,$395 
STROUD ROAD,N/A
STUART TOWN,
STUARTS POINT,$300 
SUFFOLK PARK,$760 
SUMMER HILL,
SUMMER HILL,$683 
SUMMER HILL CREEK,
SUMMERLAND POINT,$400 
SUN VALLEY,
SUNNY CORNER,
SUNSHINE,N/A
SUNSHINE BAY,$400 
SURF BEACH,$405 
SURFSIDE,$400 
SURRY HILLS,$895 
SUSSEX INLET,"$1,005 "
SUTHERLAND,$555 
SUTTON,N/A
SUTTON FOREST,N/A
SWAN BAY,
SWAN BAY,N/A
SWAN CREEK,
SWAN VALE,
SWANHAVEN,
SWANSEA,$393 
SWANSEA HEADS,N/A
SYDENHAM,$710 
SYDNEY,N/A
SYDNEY DOMESTIC AIRPORT,
SYDNEY INTERNATIONAL AIRPORT,
SYDNEY OLYMPIC PARK,N/A
SYDNEY SOUTH,
SYLVANIA,$723 
SYLVANIA SOUTHGATE,
SYLVANIA WATERS,"$1,200 "
TABBITA,
TABLE TOP,N/A
TABULAM,N/A
TACOMA,$460 
TACOMA SOUTH,
TAHLEE,
TAHMOOR,$410 
TALARM,
TALBINGO,N/A
TALLAWANG,N/A
TALLIMBA,
TALLONG,N/A
TALLWOOD,
TALLWOODS VILLAGE,$460 
TALMALMO,
TAMARAMA,"$1,375 "
TAMBAN,
TAMBAR SPRINGS,
TAMBAROORA,
TAMBAROORA,
TAMINDA,
TAMWORTH,
TANILBA BAY,$400 
TANJA,
TANTAWANGALO,
TAPITALLEE,N/A
TARAGO,N/A
TARALGA,N/A
TARANA,
TARBUCK BAY,N/A
TARCUTTA,N/A
TAREE,$340 
TAREE SOUTH,N/A
TAREN POINT,$873 
TARLO,
TARRAGANDA,N/A
TARRAWANNA,$530 
TARRIARO,
TARRO,$345 
TASCOTT,$470 
TATHAM,
TATHRA,$425 
TATTON,$440 
TAYLORS ARM,
TAYLORS BEACH,
TAYLORS FLAT,
TEA GARDENS,$370 
TELARAH,$350 
TELEGRAPH POINT,N/A
TELOPEA,$500 
TEMAGOG,
TEMORA,$275 
TEMPE,$678 
TENAMBIT,$383 
TENNYSON,N/A
TENNYSON POINT,N/A
TENTERFIELD,$240 
TERALBA,$505 
TERARA,
TERMEIL,N/A
TERRAGON,
TERRANORA,$605 
TERREY HILLS,"$1,098 "
TERRIGAL,$550 
Testing,
TEVEN,
THALGARRAH,
THARBOGANG,N/A
THE BRANCH,
THE CHANNON,N/A
THE ENTRANCE,$395 
THE ENTRANCE NORTH,$455 
THE GAP,
THE GAP,
THE HILL,$668 
THE JUNCTION,$550 
THE LAGOON,
THE OAKS,$550 
THE PONDS,$620 
THE RIDGEWAY,
THE RISK,
THE ROCKS,$230 
THE ROCKS,N/A
THE ROCKS,
THE SLOPES,
THE UNIVERSITY OF SYDNEY,
THE WHITEMAN,
THERESA PARK,N/A
THIRLMERE,$480 
THIRROUL,$685 
THORA,N/A
THORNLEIGH,$580 
THORNTON,$435 
THREDBO,
THRUMSTER,$460 
THURGOONA,$390 
TIBOOBURRA,
TICHBORNE,
TIGHES HILL,$460 
TILBA TILBA,
TILBUSTER,
TILPA,
TIMBUMBURI,
TINGHA,N/A
TINGIRA HEIGHTS,$475 
TINONEE,$390 
TINPOT,
TINTENBAR,$750 
TINTINHULL,N/A
TIPPERARY,
TIRRANNAVILLE,
TOCUMWAL,$278 
TOLLAND,$275 
TOMAGO,
TOMAKIN,$510 
TOMERONG,N/A
TOMEWIN,
TOMINGLEY,
TONDERBURINE,
TONGARRA,
TOOGONG,
TOOLEYBUC,N/A
TOOLIJOOA,
TOOMA,
TOONGABBIE,$450 
TOONGABBIE EAST,
TOONUMBAR,
TOORAWEENAH,N/A
TOORMINA,$420 
TOOTHDALE,
TOOWOON BAY,N/A
TORONTO,$380 
TORRINGTON,N/A
TORRYBURN,
TORRYBURN,
TOTTENHAM,N/A
TOUKLEY,$363 
TOWAMBA,N/A
TOWNSEND,$370 
TOWRADGI,$575 
TOWRANG,N/A
TRANGIE,N/A
TREGEAGLE,N/A
TREGEAR,$310 
TRENAYR,
TREWILGA,
TRIANGLE FLAT,
TRUNDLE,N/A
TRUNGLEY HALL,
TRUNKEY CREEK,N/A
TUCABIA,N/A
TUCKOMBIL,
TUENA,
TUGGERAH,$430 
TUGGERAWONG,$360 
TULLAMORE,N/A
TULLIBIGEAL,
TULLIMBAR,$543 
TULLYMORGAN,
TUMBARUMBA,$270 
TUMBI UMBI,$465 
TUMBLONG,
TUMBULGUM,N/A
TUMUT,$310 
TUNCURRY,$390 
TURA BEACH,$463 
TURILL,
TURLINJAH,
TURONDALE,
TUROSS HEAD,$420 
TURRAMURRA,$850 
TURRAWAN,
TURRELLA,N/A
TURVEY PARK,$360 
TWEED HEADS,$530 
TWEED HEADS SOUTH,$525 
TWEED HEADS WEST,$500 
TWELVE MILE,
TWELVE MILE CREEK,
TYAGARAH,
TYALGUM,N/A
TYALGUM CREEK,
TYGALGAH,
TYNDALE,
TYRINGHAM,
UKI,N/A
ULAMAMBRI,
ULAN,
ULLADULLA,$400 
ULMARRA,$400 
ULONG,N/A
ULTIMO,$750 
UMINA BEACH,$390 
UNANDERRA,$420 
UNGARIE,N/A
UPPER BURRINGBAR,N/A
UPPER CORINDI,
UPPER CRYSTAL CREEK,
UPPER DUROBY,
UPPER LANSDOWNE,N/A
UPPER MACDONALD,
UPPER MYALL,
UPPER ORARA,N/A
UPPER ROLLANDS PLAINS,
UPPER ROUCHEL,
UPPER TAYLORS ARM,
UPSALLS CREEK,
URALBA,N/A
URALLA,$295 
URANA,N/A
URANGELINE,
URANGELINE EAST,
URANQUINTY,N/A
URBENVILLE,N/A
URIARRA,
URILA,
URLIUP,
URUNGA,$380 
UTUNGUN,
VACY,N/A
VALENTINE,$540 
VALERY,
VALLA,N/A
VALLA BEACH,$430 
VALLEY HEIGHTS,N/A
VARROVILLE,
VAUCLUSE,"$1,950 "
VERONA,N/A
VILLAWOOD,$550 
VINCENTIA,$480 
VINEYARD,N/A
VITTORIA,
VOYAGER POINT,N/A
WADALBA,$500 
WADBILLIGA,
WAGGA WAGGA,$350 
WAGGA WAGGA BC,
WAGGA WAGGA RAAF,
WAGSTAFFE,N/A
WAHROONGA,$825 
WAITARA,$700 
WAITUI,
WAKEFIELD,N/A
WAKELEY,$400 
WAKOOL,N/A
WALANG,
WALBUNDRIE,
WALCHA,N/A
WALGETT,N/A
WALLA WALLA,N/A
WALLABADAH,N/A
WALLABI POINT,$460 
WALLACIA,$445 
WALLAGA LAKE,N/A
WALLAGOOT,N/A
WALLALONG,N/A
WALLANGRA,
WALLARAH,
WALLAROBBA,
WALLAROO,N/A
WALLENDBEEN,
WALLERAWANG,$380 
WALLSEND,$420 
WALLSEND SOUTH,
WALMER,
WAMBERAL,$593 
WAMBOIN,N/A
WAMBOOL,
WANAARING,
WANDANDIAN,N/A
WANDELLA,
WANDSWORTH,
WANG WAUK,
WANGANELLA,
WANGI WANGI,$400 
WANTABADGERY,
WAPENGO,
WARABROOK,$440 
WARATAH,$420 
WARATAH WEST,$390 
WARDELL,$410 
WARDS RIVER,
WAREEMBA,$693 
WARIALDA,$220 
WARIALDA RAIL,
WARILLA,$435 
WARNERS BAY,$450 
WARNERVALE,$535 
WARRAGAMBA,$385 
WARRAGOON,
WARRAL,N/A
WARRAWEE,$900 
WARRAWONG,$380 
WARRELL CREEK,
WARREN,$255 
WARRIEWOOD,$950 
WARRIEWOOD SHOPPING SQUARE,
WARRIMOO,$390 
WARRINGAH MALL,
WARRIWILLAH,
WARRUMBUNGLE,
WARWICK FARM,$410 
WASHPOOL,
WASHPOOL,
WATANOBBI,$380 
WATERFALL,N/A
WATERLOO,$760 
WATERVIEW HEIGHTS,N/A
WATSONS BAY,N/A
WATSONS CREEK,
WATTAMOLLA,
WATTAMONDARA,N/A
WATTLE FLAT,N/A
WATTLE GROVE,$510 
WATTLE PONDS,N/A
WAUCHOPE,$390 
WAUKIVORY,
WAVERLEY,"$1,000 "
WAVERLY,
WAVERTON,$920 
WAY WAY,
WAYO,
WEBBS CREEK,
WEDDERBURN,N/A
WEE JASPER,N/A
WEE WAA,N/A
WEETALIBA,
WEETHALLE,
WEILMORINGLE,
WELBY,N/A
WELLINGROVE,
WELLINGTON,$280 
WELLS CROSSING,
WENDOREE PARK,
WENTWORTH,$250 
WENTWORTH FALLS,$448 
WENTWORTH POINT,N/A
WENTWORTHVILLE,$470 
WEROMBI,N/A
WERRI BEACH,N/A
WERRINGTON,$378 
WERRINGTON COUNTY,$400 
WERRINGTON DOWNS,$450 
WERRIS CREEK,$250 
WEST ALBURY,$293 
WEST ARMIDALE,
WEST BALLINA,$485 
WEST BATHURST,$320 
WEST GOSFORD,N/A
WEST HAVEN,$460 
WEST HOXTON,$530 
WEST KEMPSEY,$343 
WEST NOWRA,$383 
WEST PENNANT HILLS,$720 
WEST PYMBLE,$895 
WEST RYDE,$600 
WEST TAMWORTH,$310 
WEST WALLSEND,$460 
WEST WOLLONGONG,$475 
WEST WYALONG,N/A
WESTDALE,
WESTDALE,$360 
WESTGATE,
WESTLEIGH,$750 
WESTMEAD,$500 
WESTON,$350 
WETHERILL PARK,$480 
WHALAN,$335 
WHEELER HEIGHTS,$850 
WHERROL FLAT,N/A
WHIAN WHIAN,
WHITE CLIFFS,
WHITE ROCK,N/A
WHITEBRIDGE,$470 
WHITEMAN CREEK,
WHITTINGHAM,N/A
WHITTON,N/A
WHOOTA,
WIANGAREE,N/A
WICKHAM,$450 
WIDGELLI,
WILBERFORCE,$450 
WILBETREE,
WILCANNIA,N/A
WILDES MEADOW,N/A
WILEY PARK,$425 
WILLALA,
WILLAWARRIN,N/A
WILLBRIGGIE,
WILLIAMSDALE,
WILLIAMTOWN,
WILLMOT,$300 
WILLOUGHBY,$910 
WILLOUGHBY EAST,"$1,010 "
WILLOW TREE,N/A
WILLOW VALE,$530 
WILLOW VALE,
WILSONS CREEK,N/A
WILTON,$580 
WIMBLEDON,
WINDALE,$355 
WINDANG,$490 
WINDELLA,N/A
WINDELLAMA,N/A
WINDERMERE PARK,$410 
WINDEYER,N/A
WINDRADYNE,$370 
WINDSOR,$420 
WINDSOR DOWNS,N/A
WINGELLO,N/A
WINGEN,
WINGHAM,$320 
WINMALEE,$460 
WINSTON HILLS,$540 
WINTON,
WIRLINGA,$430 
WIRRIMAH,
WIRRIMBI,
WIRRINYA,
WISEMANS CREEK,
WISEMANS FERRY,N/A
WITTITRIN,
WOG WOG,
WOLLAR,
WOLLI CREEK,N/A
WOLLOMBI,N/A
WOLLOMOMBI,
WOLLONGBAR,$500 
WOLLONGONG,$480 
WOLLSTONECRAFT,$950 
WOLUMLA,N/A
WOMBARRA,N/A
WOMBAT,N/A
WOMBEYAN CAVES,
WOMBOOTA,
WONBOYN,
WONBOYN LAKE,
WONDALGA,
WONGARBON,N/A
WONGAWILLI,N/A
WONGWIBINDA,
WOODBERRY,$360 
WOODBINE,$380 
WOODBURN,N/A
WOODCROFT,$470 
WOODENBONG,N/A
WOODFORD,$450 
WOODFORD ISLAND,N/A
WOODHOUSELEE,
WOODLANDS,N/A
WOODLANDS,
WOODPARK,$450 
WOODRISING,$455 
WOODSIDE,
WOODSTOCK,
WOODSTOCK,
WOODSTOCK,N/A
WOODVIEW,
WOODVILLE,$320 
WOOLBROOK,
WOOLGOOLGA,$450 
WOOLI,N/A
WOOLLAHRA,"$1,250 "
WOOLLAMIA,N/A
WOOLLOOMOOLOO,N/A
WOOLOMIN,N/A
WOOLOOWARE,$800 
WOOLOWEYAH,N/A
WOOLWICH,N/A
WOOMARGAMA,
WOOMBAH,$350 
WOONGARRAH,$500 
WOONONA,$600 
WOONONA EAST,
WOOTTON,N/A
WORONORA,$650 
WORONORA HEIGHTS,N/A
WORRIGEE,$415 
WORROWING HEIGHTS,
WOY WOY,$395 
WOY WOY BAY,$495 
WRIGHTS BEACH,
WYALONG,N/A
WYANGALA,
WYBONG,
WYEE,N/A
WYEE POINT,N/A
WYLIE CREEK,
WYNDHAM,N/A
WYOMING,$450 
WYONG,$395 
WYONG CREEK,N/A
WYONGAH,$403 
WYRALLAH,N/A
YAGOONA,$500 
YAGOONA WEST,
YALBRAITH,
YALLAH,
YALWAL,
YAMBA,$480 
YANCO,N/A
YANDERRA,N/A
YANTABULLA,
YAOUK,
YARRA,
YARRAGUNDRY,
YARRAHAPINNI,
YARRAMALONG,N/A
YARRAMUNDI,N/A
YARRANBELLA,
YARRAVEL,N/A
YARRAWARRAH,N/A
YARRAWONGA,N/A
YARRAWONGA PARK,$370 
YARRIE LAKE,
YARROWITCH,
YARROWYCK,
YASS,$340 
YATTALUNGA,$400 
YATTE YATTAH,
YELGUN,
YELLOW ROCK,
YELLOW ROCK,N/A
YENDA,$310 
YENNORA,$450 
YEOVAL,N/A
YERONG CREEK,
YERRINBOOL,$460 
YETHOLME,N/A
YETMAN,
YIPPIN CREEK,$455 
YOOGALI,N/A
YORKLEA,
YOUNG,$280 
YOWIE BAY,$800 
YOWRIE,
ZETLAND,$875 