0,Aarons Pass
1,Abbotsbury
2,Abbotsford
3,Abercrombie
4,Abercrombie River
5,Aberdare
6,Aberdeen
7,Aberfoyle
8,Aberglasslyn
9,Abermain
10,Abernethy
11,Abington
12,Acacia Creek
13,Acacia Gardens
14,Adaminaby
15,Adamstown
16,Adamstown Heights
17,Adelong
18,Adjungbilly
19,Afterlee
20,Agnes Banks
21,Airds
22,Akolele
23,Albert
24,Albion Park
25,Albion Park Rail
26,Albury
27,Aldavilla
28,Alectown
29,Alexandria
30,Alfords Point
31,Alfredtown
32,Alice
33,Alison
34,Allambie Heights
35,Allandale
36,Allawah
37,Alleena
38,Allgomera
39,Allworth
40,Allynbrook
41,Alma Park
42,Alpine
43,Alstonvale
44,Alstonville
45,Alumy Creek
46,Amaroo
47,Ambarvale
48,Anabranch North
49,Anabranch South
50,Anambah
51,Ando
52,Anembo
53,Angledale
54,Angledool
55,Anglers Reach
56,Angourie
57,Anna Bay
58,Annandale
59,Annangrove
60,Appin
61,Apple Tree Flat
62,Appleby
63,Appletree Flat
64,Apsley
65,Arable
66,Arakoon
67,Araluen
68,Aratula
69,Arcadia
70,Arcadia Vale
71,Ardglen
72,Arding
73,Ardlethan
74,Argalong
75,Argenton
76,Argents Hill
77,Argoon
78,Argyle
79,Ariah Park
80,Arkell
81,Arkstone
82,Armatree
83,Armidale
84,Armidale Dc
85,Arncliffe
86,Arndell Park
87,Arrawarra
88,Arrawarra Headland
89,Artarmon
90,Arthurville
91,Arumpo
92,Ashbury
93,Ashby
94,Ashby Heights
95,Ashby Island
96,Ashcroft
97,Ashfield
98,Ashford
99,Ashley
100,Ashmont
101,Ashtonfield
102,Asquith
103,Atholwood
104,Attunga
105,Auburn
106,Auburn Vale
107,Austinmer
108,Austral
109,Austral Eden
110,Australian Defence Forces
111,Avalon Beach
112,Avisford
113,Avoca
114,Avoca Beach
115,Avon
116,Avondale
117,Avonside
118,Awaba
119,Aylmerton
120,Baan Baa
121,Babinda
122,Babyl Creek
123,Back Creek
124,Back Forest
125,Backmede
126,Backwater
127,Badgerys Creek
128,Badja
129,Baerami
130,Baerami Creek
131,Bagnoo
132,Bago
133,Bagotville
134,Bakers Creek
135,Bakers Swamp
136,Balaclava
137,Balala
138,Balcolyn
139,Bald Blair
140,Bald Hills
141,Bald Nob
142,Bald Ridge
143,Baldersleigh
144,Baldry
145,Balfours Peak
146,Balgowlah
147,Balgowlah Heights
148,Balgownie
149,Balickera
150,Balladoran
151,Ballalaba
152,Balldale
153,Ballengarra
154,Ballimore
155,Ballina
156,Ballina Dc
157,Ballyroe
158,Balmain
159,Balmain East
160,Balmoral
161,Balranald
162,Bamarang
163,Banda Banda
164,Bandon Grove
165,Bangadang
166,Bangalee
167,Bangalow
168,Bangheet
169,Bango
170,Bangor
171,Banksia
172,Banksmeadow
173,Bankstown
174,Bankstown Aerodrome
175,Bankstown North
176,Bankstown Square
177,Bannaby
178,Bannister
179,Banoon
180,Banora Point
181,Banyabba
182,Bar Beach
183,Bar Point
184,Bara
185,Baradine
186,Barangaroo
187,Barcoongere
188,Barden Ridge
189,Bardia
190,Bardwell Park
191,Bardwell Valley
192,Barellan
193,Bargo
194,Barham
195,Barigan
196,Barkers Vale
197,Barmedman
198,Barneys Reef
199,Barnsley
200,Barraba
201,Barrack Heights
202,Barrack Point
203,Barraganyatti
204,Barragga Bay
205,Barratta
206,Barren Grounds
207,Barrengarry
208,Barretts Creek
209,Barringella
210,Barrington
211,Barrington Tops
212,Barry
213,Barwang
214,Barwon
215,Baryulgil
216,Basin View
217,Bass Hill
218,Bassendean
219,Batar Creek
220,Bateau Bay
221,Batehaven
222,Batemans Bay
223,Bathampton
224,Bathurst
225,Bathurst West
226,Batlow
227,Baulkham Hills
228,Baw Baw
229,Bawley Point
230,Baxters Ridge
231,Bay Village
232,Bayview
233,Beacon Hill
234,Beaconsfield
235,Bean Creek
236,Bearbong
237,Beard
238,Beaumont
239,Beaumont Hills
240,Beckom
241,Bective
242,Bectric
243,Bedgerabong
244,Beechwood
245,Beecroft
246,Beecroft Peninsula
247,Beelbangera
248,Beemunnel
249,Bega
250,Beggan Beggan
251,Belanglo
252,Belbora
253,Belfield
254,Belford
255,Belfrayden
256,Belgravia
257,Belimbla Park
258,Bell
259,Bella Vista
260,Bellambi
261,Bellangry
262,Bellata
263,Bellawongarah
264,Bellbird
265,Bellbird Heights
266,Bellbrook
267,Bellevue Hill
268,Bellimbopinni
269,Bellingen
270,Bellmount Forest
271,Belltrees
272,Belmont
273,Belmont North
274,Belmont South
275,Belmore
276,Belmore River
277,Beloka
278,Belowra
279,Belrose
280,Belrose West
281,Bemboka
282,Ben Bullen
283,Ben Lomond
284,Benandarah
285,Bendalong
286,Bendemeer
287,Bendick Murrell
288,Bendolba
289,Bendoura
290,Benerembah
291,Bengalla
292,Bennetts Green
293,Benolong
294,Bensville
295,Bentley
296,Berala
297,Berambing
298,Beresfield
299,Bergalia
300,Berkeley
301,Berkeley Vale
302,Berkshire Park
303,Berlang
304,Bermagui
305,Berowra
306,Berowra Creek
307,Berowra Heights
308,Berowra Waters
309,Berrambool
310,Berrara
311,Berremangra
312,Berrico
313,Berridale
314,Berrigal
315,Berrigan
316,Berrilee
317,Berrima
318,Berringer Lake
319,Berry
320,Berry Jerry
321,Berry Mountain
322,Berry Park
323,Berthong
324,Beryl
325,Bethungra
326,Bevendale
327,Beverley Park
328,Beverly Hills
329,Bewong
330,Bexhill
331,Bexley
332,Bexley North
333,Bexley South
334,Biala
335,Bibbenluke
336,Bickley Vale
337,Biddon
338,Bidgeemia
339,Bidwill
340,Bielsdown Hills
341,Big Hill
342,Big Jacks Creek
343,Big Ridge
344,Big Springs
345,Big Yengo
346,Bigga
347,Bilambil
348,Bilambil Heights
349,Bilbul
350,Bilgola Beach
351,Bilgola Plateau
352,Billeroy
353,Billilingra
354,Billimari
355,Billinudgel
356,Billys Creek
357,Billywillinga
358,Bilpin
359,Bimbi
360,Bimbimbie
361,Binalong
362,Binda
363,Bindera
364,Bingara
365,Bingeebeebra Creek
366,Bingie
367,Bingleburra
368,Biniguy
369,Binjura
370,Binna Burra
371,Binnaway
372,Binya
373,Birchgrove
374,Birdwood
375,Birganbigil
376,Birmingham Gardens
377,Birriwa
378,Birrong
379,Bishops Bridge
380,Bithramere
381,Black Creek
382,Black Head
383,Black Hill
384,Black Hollow
385,Black Mountain
386,Black Range
387,Black Springs
388,Blackalls Park
389,Blackbutt
390,Blackett
391,Blackheath
392,Blackmans Flat
393,Blackmans Point
394,Blacksmiths
395,Blacktown
396,Blacktown Westpoint
397,Blackville
398,Blackwall
399,Blair Athol
400,Blairmount
401,Blakebrook
402,Blakehurst
403,Blakney Creek
404,Bland
405,Blandford
406,Blaxcell
407,Blaxland
408,Blaxland East
409,Blaxlands Creek
410,Blaxlands Ridge
411,Blayney
412,Blenheim Road
413,Bligh Park
414,Blighty
415,Blowering
416,Blue Bay
417,Blue Haven
418,Blue Knob
419,Blue Nobby
420,Blue Vale
421,Blueys Beach
422,Boambee
423,Boambee East
424,Boambolo
425,Boat Harbour
426,Bobadah
427,Bobin
428,Bobs Creek
429,Bobs Farm
430,Bobundara
431,Boco
432,Bocoble
433,Bocobra
434,Bodalla
435,Bodangora
436,Boeill Creek
437,Bogan
438,Bogan Gate
439,Bogangar
440,Bogee
441,Boggabilla
442,Boggabri
443,Bogong Peaks Wilderness
444,Bohena Creek
445,Bohnock
446,Bolaro
447,Bolivia
448,Bolong
449,Bolton Point
450,Bolwarra
451,Bolwarra Heights
452,Bom Bom
453,Bomaderry
454,Bombah Point
455,Bombala
456,Bombay
457,Bombira
458,Bombo
459,Bombowlee
460,Bombowlee Creek
461,Bomen
462,Bomera
463,Bonalbo
464,Bondi
465,Bondi Beach
466,Bondi Forest
467,Bondi Junction
468,Bonnells Bay
469,Bonnet Bay
470,Bonny Hills
471,Bonnyrigg
472,Bonnyrigg Heights
473,Bonshaw
474,Bonville
475,Booerie Creek
476,Book Book
477,Booker Bay
478,Bookham
479,Bookookoorara
480,Bookram
481,Boolambayte
482,Boolaroo
483,Boolcarroll
484,Booligal
485,Boolijah
486,Boomanoomana
487,Boomerang Beach
488,Boomey
489,Boomi
490,Boomi Creek
491,Boona Mount
492,Boonal
493,Boonoo Boonoo
494,Boorabee Park
495,Booragul
496,Booral
497,Boorga
498,Boorganna
499,Boorolong
500,Boorook
501,Boorooma
502,Booroorban
503,Boorowa
504,Bootawa
505,Booti Booti
506,Booyong
507,Bora Ridge
508,Borah Creek
509,Borambil
510,Borambola
511,Border Ranges
512,Boree
513,Boree Creek
514,Borenore
515,Boro
516,Boronia Park
517,Bossley Park
518,Bostobrick
519,Botany
520,Botobolar
521,Bottle Creek
522,Bouddi
523,Bourbah
524,Bourke
525,Bourkelands
526,Bournda
527,Bournewood
528,Bow Bowing
529,Bowan Park
530,Bowen Mountain
531,Bowenfels
532,Bowling Alley Point
533,Bowman
534,Bowman Farm
535,Bowmans Creek
536,Bowna
537,Bowning
538,Bowral
539,Bowraville
540,Box Head
541,Box Hill
542,Box Ridge
543,Boxers Creek
544,Boydtown
545,Bradbury
546,Braefield
547,Braemar
548,Braemar Bay
549,Braidwood
550,Brandy Hill
551,Branxton
552,Braunstone
553,Brawboy
554,Bray Park
555,Brays Creek
556,Brayton
557,Breadalbane
558,Breakfast Creek
559,Breakfast Point
560,Bream Beach
561,Bredbo
562,Breelong
563,Breeza
564,Bretti
565,Brewarrina
566,Brewongle
567,Briarbrook
568,Bribbaree
569,Bridgman
570,Brierfield
571,Brighton Le Sands
572,Brightwaters
573,Bril Bril
574,Brimbin
575,Brinerville
576,Bringelly
577,Brisbane Grove
578,Broadmeadow
579,Broadwater
580,Broadway
581,Brobenah
582,Brocklehurst
583,Brocklesby
584,Brockley
585,Brodies Plains
586,Brogans Creek
587,Brogers Creek
588,Brogo
589,Broke
590,Broken Head
591,Broken Hill
592,Broken Hill North
593,Broken Hill West
594,Brombin
595,Bronte
596,Brookdale
597,Brookfield
598,Brooklana
599,Brooklet
600,Brooklyn
601,Brookong
602,Brookvale
603,Brooman
604,Brooms Head
605,Broughams Gate
606,Broughton
607,Broughton Vale
608,Broughton Village
609,Broulee
610,Brownlow Hill
611,Browns Creek
612,Browns Mountain
613,Brownsville
614,Brucedale
615,Bruie Plains
616,Bruinbun
617,Brumby Plains
618,Brundee
619,Brungle
620,Brungle Creek
621,Brunkerville
622,Brunswick Heads
623,Brushgrove
624,Brushy Creek
625,Buangla
626,Bucca
627,Bucca Wauka
628,Buccarumbi
629,Buchanan
630,Buckajo
631,Buckaroo
632,Buckenbowra
633,Buckenderra
634,Buckendoon
635,Bucketty
636,Buckra Bendinni
637,Budawang
638,Buddabadah
639,Budden
640,Budderoo
641,Buddong
642,Budgee Budgee
643,Budgewoi
644,Budgewoi Peninsula
645,Budgong
646,Buff Point
647,Bugaldie
648,Bukalong
649,Bukkulla
650,Bulahdelah
651,Bulee
652,Bulga
653,Bulga Forest
654,Bulgary
655,Bulla
656,Bulla Creek
657,Bullaburra
658,Bullagreen
659,Bullarah
660,Bullatale
661,Bullawa Creek
662,Bulldog
663,Bulli
664,Bulliac
665,Bullio
666,Bulyeroi
667,Bumbaldry
668,Bumbalong
669,Bumberry
670,Bundabah
671,Bundagen
672,Bundanoon
673,Bundarra
674,Bundeena
675,Bundella
676,Bundemar
677,Bundewallah
678,Bundjalung
679,Bundook
680,Bundure
681,Bungaba
682,Bungabbee
683,Bungalora
684,Bungarby
685,Bungarribee
686,Bungawalbin
687,Bungendore
688,Bungonia
689,Bungowannah
690,Bungwahl
691,Bunnaloo
692,Bunnan
693,Bunyah
694,Bunyan
695,Burcher
696,Bureen
697,Burnt Bridge
698,Burnt Yards
699,Buronga
700,Burra
701,Burra Creek
702,Burraboi
703,Burradoo
704,Burraga
705,Burragate
706,Burrandana
707,Burraneer
708,Burrangong
709,Burrapine
710,Burrawang
711,Burrell Creek
712,Burren Junction
713,Burrier
714,Burrill Lake
715,Burringbar
716,Burrinjuck
717,Burroway
718,Burrumbuttock
719,Burrundulla
720,Burwood
721,Burwood Heights
722,Burwood North
723,Busby
724,Busbys Flat
725,Bushells Ridge
726,Buttaba
727,Buttai
728,Butterwick
729,Buxton
730,Byabarra
731,Byadbo Wilderness
732,Byangum
733,Bylong
734,Byng
735,Byrock
736,Byron Bay
737,Byrrill Creek
738,Bywong
739,Cabarita
740,Cabarita Beach
741,Cabbage Tree Island
742,Cabramatta
743,Cabramatta West
744,Cabramurra
745,Caddens
746,Cadgee
747,Cadia
748,Caerleon
749,Caffreys Flat
750,Cairncross
751,Calala
752,Calamia
753,Calderwood
754,Caldwell
755,Calga
756,Califat
757,Calimo
758,Callaghan
759,Callaghans Creek
760,Callala Bay
761,Callala Beach
762,Calliope
763,Caloola
764,Cambalong
765,Camberwell
766,Cambewarra
767,Cambewarra Village
768,Camboon
769,Cambra
770,Cambridge Gardens
771,Cambridge Park
772,Cambridge Plateau
773,Camden
774,Camden Head
775,Camden Park
776,Camden South
777,Camellia
778,Cameron Park
779,Camerons Creek
780,Camira
781,Cammeray
782,Campbelltown
783,Campbelltown North
784,Camperdown
785,Campsie
786,Campvale
787,Cams Wharf
788,Canada Bay
789,Canadian Lead
790,Canbelego
791,Candelo
792,Cangai
793,Caniaba
794,Canley Heights
795,Canley Vale
796,Canobolas
797,Canoelands
798,Canonba
799,Canowindra
800,Canterbury
801,Canton Beach
802,Canyonleigh
803,Caparra
804,Capeen Creek
805,Capertee
806,Capoompeta
807,Captains Flat
808,Carabost
809,Caragabal
810,Carcalgong
811,Carcoar
812,Cardiff
813,Cardiff Heights
814,Cardiff South
815,Carey Bay
816,Cargo
817,Carinda
818,Caringbah
819,Caringbah South
820,Carlaminda
821,Carlingford
822,Carlingford Court
823,Carlingford North
824,Carlton
825,Carnes Hill
826,Carnham
827,Carool
828,Caroona
829,Carrabolla
830,Carrai
831,Carramar
832,Carrathool
833,Carrick
834,Carrington
835,Carrington Falls
836,Carroll
837,Carrolls Creek
838,Carrowbrook
839,Carrs Creek
840,Carrs Island
841,Carrs Peninsular
842,Carss Park
843,Cartwright
844,Cartwrights Hill
845,Carwell
846,Carwoola
847,Cascade
848,Casino
849,Cassilis
850,Castle Cove
851,Castle Doyle
852,Castle Hill
853,Castle Rock
854,Castlecrag
855,Castlereagh
856,Casuarina
857,Casula
858,Casula Mall
859,Catalina
860,Cataract
861,Cathcart
862,Catherine Field
863,Catherine Hill Bay
864,Cathundral
865,Cattai
866,Cattle Creek
867,Cavan
868,Caves Beach
869,Cawdor
870,Cawongla
871,Cecil Hills
872,Cecil Park
873,Cedar Brush Creek
874,Cedar Creek
875,Cedar Party
876,Cedar Point
877,Cells River
878,Centennial Park
879,Central Colo
880,Central Macdonald
881,Central Mangrove
882,Central Tilba
883,Cessnock
884,Cessnock West
885,Chaelundi
886,Chain Valley Bay
887,Chakola
888,Chambigne
889,Charbon
890,Charles Sturt University
891,Charlestown
892,Charleys Forest
893,Charlotte Bay
894,Charlton
895,Charmhaven
896,Chatham
897,Chatham Valley
898,Chatsbury
899,Chatswood
900,Chatswood West
901,Chatsworth
902,Cheero Point
903,Cheltenham
904,Cherry Tree Hill
905,Cherrybrook
906,Chester Hill
907,Chichester
908,Chifley
909,Chilcotts Creek
910,Chilcotts Grass
911,Chillingham
912,Chinderah
913,Chinnock
914,Chippendale
915,Chipping Norton
916,Chisholm
917,Chiswick
918,Chittaway Bay
919,Chittaway Point
920,Chowan Creek
921,Chullora
922,Church Point
923,Clandulla
924,Clare
925,Claremont Meadows
926,Clarence
927,Clarence Town
928,Clarendon
929,Clarenza
930,Clareville
931,Claymore
932,Clear Creek
933,Clear Range
934,Clearfield
935,Clemton Park
936,Clergate
937,Cleveland
938,Clifden
939,Cliftleigh
940,Clifton
941,Clifton Grove
942,Clontarf
943,Clothiers Creek
944,Clouds Creek
945,Clovass
946,Clovelly
947,Clovelly West
948,Clunes
949,Clybucca
950,Clyde
951,Clydesdale
952,Coal Point
953,Coalcliff
954,Coaldale
955,Coasters Retreat
956,Cobaki
957,Cobaki Lakes
958,Cobar
959,Cobar Park
960,Cobargo
961,Cobark
962,Cobbadah
963,Cobbitty
964,Cobramunga
965,Cockwhy
966,Codrington
967,Coffee Camp
968,Coffs Harbour
969,Coffs Harbour Dc
970,Coffs Harbour Jetty
971,Coffs Harbour Plaza
972,Coggan
973,Cogra Bay
974,Coila
975,Coldstream
976,Coleambally
977,Colebee
978,Coledale
979,Colinroobie
980,Colinton
981,Collarenebri
982,Collaroy
983,Collaroy Beach
984,Collaroy Plateau
985,Collector
986,Collendina
987,Collerina
988,Collie
989,Collingullie
990,Collingwood
991,Collins Creek
992,Collombatti
993,Collum Collum
994,Colly Blue
995,Colo
996,Colo Heights
997,Colo Vale
998,Colongra
999,Colyton
1000,Comara
1001,Combaning
1002,Combara
1003,Comberton
1004,Combo
1005,Comboyne
1006,Come By Chance
1007,Comerong Island
1008,Commissioners Creek
1009,Como
1010,Comobella
1011,Conargo
1012,Concord
1013,Concord West
1014,Concord West Dc
1015,Condell Park
1016,Condobolin
1017,Condong
1018,Coneac
1019,Congarinni
1020,Congarinni North
1021,Congewai
1022,Congo
1023,Conimbia
1024,Coniston
1025,Conjola
1026,Conjola Park
1027,Connells Point
1028,Constitution Hill
1029,Coogee
1030,Cookamidgera
1031,Cookardinia
1032,Cooks Gap
1033,Cooks Hill
1034,Cooks Myalls
1035,Coolabah
1036,Coolac
1037,Coolagolite
1038,Coolah
1039,Coolamon
1040,Coolangatta
1041,Coolangubra
1042,Coolatai
1043,Cooleys Creek
1044,Coolgardie
1045,Coolongolook
1046,Coolringdon
1047,Coolumbooka
1048,Coolumburra
1049,Cooma
1050,Cooma North
1051,Coomba Bay
1052,Coomba Park
1053,Coombadjha
1054,Coombell
1055,Coomealla
1056,Coomoo Coomoo
1057,Coonabarabran
1058,Coonamble
1059,Cooneys Creek
1060,Coongbar
1061,Cooperabung
1062,Coopernook
1063,Coopers Gully
1064,Coopers Shoot
1065,Cooplacurripa
1066,Coorabell
1067,Cooranbong
1068,Cootamundra
1069,Cootralantra
1070,Cooyal
1071,Copacabana
1072,Cope
1073,Copeland
1074,Copeton
1075,Copmanhurst
1076,Coppabella
1077,Copperhannia
1078,Coraki
1079,Coralville
1080,Coramba
1081,Corang
1082,Corangula
1083,Corbie Hill
1084,Cordeaux
1085,Cordeaux Heights
1086,Coree
1087,Coreen
1088,Corindi Beach
1089,Corinella
1090,Corlette
1091,Corndale
1092,Corney Town
1093,Cornwallis
1094,Corobimilla
1095,Corowa
1096,Corrabare
1097,Corrimal
1098,Corrimal East
1099,Corrong
1100,Corrowong
1101,Corunna
1102,Cottage Point
1103,Cougal
1104,Countegany
1105,Courabyra
1106,Couradda
1107,Couragago
1108,Couridjah
1109,Coutts Crossing
1110,Cow Flat
1111,Cowabbie
1112,Cowan
1113,Cowper
1114,Cowra
1115,Coxs Creek
1116,Coxs Crown
1117,Crabbes Creek
1118,Crackenback
1119,Craigie
1120,Cranebrook
1121,Crangan Bay
1122,Craven
1123,Craven Plateau
1124,Crawford River
1125,Crawney
1126,Creewah
1127,Cremorne
1128,Cremorne Junction
1129,Cremorne Point
1130,Crescent Head
1131,Crestwood
1132,Cringila
1133,Croki
1134,Cromer
1135,Cronulla
1136,Crooble
1137,Croobyar
1138,Crooked Corner
1139,Crookwell
1140,Croom
1141,Croppa Creek
1142,Cross Roads
1143,Crosslands
1144,Croudace Bay
1145,Crowdy Bay National Park
1146,Crowdy Head
1147,Crows Nest
1148,Crows Nest Dc
1149,Crowther
1150,Crowther Island
1151,Croydon
1152,Croydon Park
1153,Crudine
1154,Cryon
1155,Crystal Creek
1156,Cubba
1157,Cudal
1158,Cudgegong
1159,Cudgel
1160,Cudgen
1161,Cudgera Creek
1162,Cudmirrah
1163,Culburra Beach
1164,Culcairn
1165,Cullen Bullen
1166,Cullenbone
1167,Cullendore
1168,Cullerin
1169,Cullivel
1170,Culmaran Creek
1171,Cumbalum
1172,Cumbandry
1173,Cumberland Reach
1174,Cumbo
1175,Cumborah
1176,Cumnock
1177,Cundle Flat
1178,Cundletown
1179,Cundumbul
1180,Cunjurong Point
1181,Cunningar
1182,Cunninyeuk
1183,Curban
1184,Curl Curl
1185,Curlew Waters
1186,Curlewis
1187,Curlwaa
1188,Curra Creek
1189,Currabubula
1190,Curragh
1191,Curramore
1192,Currans Hill
1193,Currarong
1194,Currawang
1195,Currawarna
1196,Curraweela
1197,Currawong Beach
1198,Curricabark
1199,Currowan
1200,Cuttabri
1201,Cuttagee
1202,Dabee
1203,Daceyville
1204,Dairy Arm
1205,Dairy Flat
1206,Dairymans Plains
1207,Daleys Point
1208,Dalgety
1209,Dalmeny
1210,Dalmorton
1211,Dalswinton
1212,Dalton
1213,Dalwood
1214,Dandaloo
1215,Dandry
1216,Dangar
1217,Dangar Island
1218,Dangarsleigh
1219,Dangelong
1220,Dapto
1221,Darawank
1222,Darbalara
1223,Darbys Falls
1224,Dareton
1225,Dargan
1226,Dark Corner
1227,Darkes Forest
1228,Darkwood
1229,Darling Point
1230,Darlinghurst
1231,Darlington
1232,Darlington Point
1233,Darlow
1234,Daroobalgie
1235,Dartbrook
1236,Daruka
1237,Davidson
1238,Davis Creek
1239,Davistown
1240,Dawes Point
1241,Daysdale
1242,Dean Park
1243,Deauville
1244,Debenham
1245,Dee Why
1246,Deep Creek
1247,Deepwater
1248,Deer Vale
1249,Delegate
1250,Delungra
1251,Denham Court
1252,Denhams Beach
1253,Deniliquin
1254,Denistone
1255,Denistone East
1256,Denistone West
1257,Denman
1258,Depot Beach
1259,Derriwong
1260,Deua
1261,Deua River Valley
1262,Devils Hole
1263,Dewitt
1264,Dharruk
1265,Dhuragoon
1266,Diamond Beach
1267,Diamond Head
1268,Diehard
1269,Diggers Camp
1270,Dignams Creek
1271,Dilkoon
1272,Dilpurra
1273,Dingo Forest
1274,Dinoga
1275,Dirnaseer
1276,Dirty Creek
1277,Dobies Bight
1278,Doctor George Mountain
1279,Doctors Gap
1280,Dog Rocks
1281,Dolans Bay
1282,Dolls Point
1283,Dollys Flat
1284,Dolphin Point
1285,Dombarton
1286,Donald Creek
1287,Dondingalong
1288,Donnellyville
1289,Doon Doon
1290,Doonbah
1291,Doonside
1292,Dooralong
1293,Dora Creek
1294,Dorrigo
1295,Dorrigo Mountain
1296,Dorroughby
1297,Double Bay
1298,Doubtful Creek
1299,Douglas Park
1300,Dover Heights
1301,Downside
1302,Doyalson
1303,Doyalson North
1304,Doyles Creek
1305,Doyles River
1306,Drake
1307,Drake Village
1308,Drildool
1309,Dripstone
1310,Drummoyne
1311,Dry Creek
1312,Dry Plain
1313,Dubbo
1314,Dubbo Dc
1315,Dubbo East
1316,Dubbo Grove
1317,Dubbo West
1318,Duck Creek
1319,Duckenfield
1320,Duckmaloi
1321,Dudley
1322,Duffys Forest
1323,Dulguigan
1324,Dulwich Hill
1325,Dum Dum
1326,Dumaresq
1327,Dumaresq Island
1328,Dumaresq Valley
1329,Dumbudgery
1330,Dunbible
1331,Dunbogan
1332,Duncans Creek
1333,Dundas
1334,Dundas Valley
1335,Dundee
1336,Dundurrabin
1337,Dunedoo
1338,Dungarubba
1339,Dungay
1340,Dungeree
1341,Dungog
1342,Dungowan
1343,Dunkeld
1344,Dunmore
1345,Dunolly
1346,Dunoon
1347,Duns Creek
1348,Dunville Loop
1349,Dural
1350,Dural Dc
1351,Duramana
1352,Duranbah
1353,Duri
1354,Duroby
1355,Durran Durra
1356,Durras North
1357,Durren Durren
1358,Duval
1359,Dyers Crossing
1360,Dyraaba
1361,Dyrring
1362,Eagle Vale
1363,Eagleton
1364,Earlwood
1365,East Albury
1366,East Ballina
1367,East Bowral
1368,East Branxton
1369,East Coraki
1370,East Corrimal
1371,East Gosford
1372,East Gresford
1373,East Hills
1374,East Jindabyne
1375,East Kangaloon
1376,East Kempsey
1377,East Killara
1378,East Kurrajong
1379,East Lindfield
1380,East Lismore
1381,East Lynne
1382,East Maitland
1383,East Ryde
1384,East Seaham
1385,East Tamworth
1386,East Wagga Wagga
1387,East Wardell
1388,Eastern Creek
1389,Eastgardens
1390,Eastlakes
1391,Eastwood
1392,Eatonsville
1393,Ebenezer
1394,Ebor
1395,Eccleston
1396,Edderton
1397,Eden
1398,Eden Creek
1399,Edensor Park
1400,Edenville
1401,Edgecliff
1402,Edgeroi
1403,Edgeworth
1404,Edith
1405,Edmondson Park
1406,Edrom
1407,Eenaweena
1408,Eglinton
1409,Eighteen Mile
1410,Elands
1411,Elanora Heights
1412,Elcombe
1413,Elderslie
1414,Eleebana
1415,Elermore Vale
1416,Elizabeth Bay
1417,Elizabeth Beach
1418,Elizabeth Hills
1419,Ellalong
1420,Elland
1421,Ellangowan
1422,Ellenborough
1423,Ellerslie
1424,Ellerston
1425,Ellis Lane
1426,Elong Elong
1427,Elrington
1428,Elsmore
1429,Eltham
1430,Elvina Bay
1431,Emerald Beach
1432,Emerald Hill
1433,Emerton
1434,Emmaville
1435,Empire Bay
1436,Empire Vale
1437,Emu Heights
1438,Emu Plains
1439,Emu Swamp
1440,Endrick
1441,Enfield
1442,Enfield South
1443,Engadine
1444,Englorie Park
1445,Enmore
1446,Enngonia
1447,Environa
1448,Epping
1449,Eraring
1450,Eremerang
1451,Erigolia
1452,Erin Vale
1453,Erina
1454,Erina Fair
1455,Erina Heights
1456,Ermington
1457,Erowal Bay
1458,Errowanbang
1459,Erskine Park
1460,Erskineville
1461,Erudgere
1462,Eschol Park
1463,Esk
1464,Essington
1465,Estella
1466,Ettalong Beach
1467,Ettamogah
1468,Ettrema
1469,Ettrick
1470,Euabalong
1471,Euabalong West
1472,Euberta
1473,Euchareena
1474,Eucumbene
1475,Eugowra
1476,Eulah Creek
1477,Eumungerie
1478,Eunanoreenya
1479,Eungai Creek
1480,Eungai Rail
1481,Eungella
1482,Eureka
1483,Eurimbla
1484,Eurobodalla
1485,Euroka
1486,Euroley
1487,Eurongilly
1488,Eurunderee
1489,Euston
1490,Evans Head
1491,Evans Plains
1492,Eveleigh
1493,Eviron
1494,Ewingar
1495,Ewingsdale
1496,Exeter
1497,Failford
1498,Fairfield
1499,Fairfield East
1500,Fairfield Heights
1501,Fairfield West
1502,Fairholme
1503,Fairlight
1504,Fairy Hill
1505,Fairy Meadow
1506,Falbrook
1507,Falconer
1508,Falls Creek
1509,Far Meadow
1510,Fargunyah
1511,Farley
1512,Farmborough Heights
1513,Farnham
1514,Farrants Hill
1515,Farringdon
1516,Fassifern
1517,Faulconbridge
1518,Faulkland
1519,Fawcetts Plain
1520,Federal
1521,Fennell Bay
1522,Fern Bay
1523,Fern Gully
1524,Fernances
1525,Fernances Crossing
1526,Fernbank Creek
1527,Fernbrook
1528,Fernhill
1529,Fernleigh
1530,Fernmount
1531,Fernside
1532,Fernvale
1533,Ferodale
1534,Fiddletown
1535,Fifield
1536,Figtree
1537,Findon Creek
1538,Fine Flower
1539,Fingal Bay
1540,Fingal Head
1541,Finley
1542,Firefly
1543,Fishermans Bay
1544,Fishermans Paradise
1545,Fishermans Reach
1546,Fishers Hill
1547,Fishing Point
1548,Fitzgeralds Mount
1549,Fitzgeralds Valley
1550,Fitzroy Falls
1551,Five Dock
1552,Five Ways
1553,Flat Tops
1554,Fletcher
1555,Flinders
1556,Floraville
1557,Flynns Beach
1558,Forbes
1559,Forbes Creek
1560,Forbes River
1561,Forbesdale
1562,Fords Bridge
1563,Fordwich
1564,Forest Glen
1565,Forest Grove
1566,Forest Hill
1567,Forest Land
1568,Forest Lodge
1569,Forest Reefs
1570,Forestville
1571,Forresters Beach
1572,Forster
1573,Forster Shopping Village
1574,Fortis Creek
1575,Fosters Valley
1576,Fosterton
1577,Fountaindale
1578,Four Corners
1579,Four Mile Creek
1580,Fowlers Gap
1581,Foxground
1582,Frazer Park
1583,Frazers Creek
1584,Frederickton
1585,Freeburn Island
1586,Freemans
1587,Freemans Reach
1588,Freemans Waterhole
1589,Freemantle
1590,French Park
1591,Frenchs Forest
1592,Frenchs Forest East
1593,Freshwater
1594,Frog Rock
1595,Frogmore
1596,Frogs Hollow
1597,Frying Pan
1598,Fullerton
1599,Fullerton Cove
1600,Furracabad
1601,Gadara
1602,Gala Vale
1603,Galambine
1604,Galong
1605,Galore
1606,Galston
1607,Ganbenang
1608,Gangat
1609,Ganmain
1610,Garah
1611,Garden Suburb
1612,Garema
1613,Garland
1614,Garland Valley
1615,Garoo
1616,Garra
1617,Garthowen
1618,Gateshead
1619,Gearys Flat
1620,Geehi
1621,Gelston Park
1622,Gemalla
1623,Geneva
1624,Georges Creek
1625,Georges Hall
1626,Georges Plains
1627,Georgetown
1628,Georgica
1629,Gerogery
1630,Gerringong
1631,Gerroa
1632,Geurie
1633,Ghinni Ghi
1634,Ghinni Ghinni
1635,Ghoolendaadi
1636,Giants Creek
1637,Gibberagee
1638,Gibraltar Range
1639,Gidginbung
1640,Gidley
1641,Gilead
1642,Gilgai
1643,Gilgandra
1644,Gilgooma
1645,Gilgunnia
1646,Gillenbah
1647,Gilletts Ridge
1648,Gillieston Heights
1649,Gilmandyke
1650,Gilmore
1651,Gin Gin
1652,Gineroi
1653,Ginghi
1654,Gingkin
1655,Girards Hill
1656,Girilambone
1657,Giro
1658,Girral
1659,Girralong
1660,Girraween
1661,Girvan
1662,Gladesville
1663,Gladstone
1664,Glanmire
1665,Glebe
1666,Gledswood Hills
1667,Glen Alice
1668,Glen Allen
1669,Glen Alpine
1670,Glen Davis
1671,Glen Elgin
1672,Glen Fergus
1673,Glen Innes
1674,Glen Martin
1675,Glen Nevis
1676,Glen Oak
1677,Glen Ward
1678,Glen William
1679,Glenbawn
1680,Glenbrook
1681,Glencoe
1682,Glendale
1683,Glendenning
1684,Glendon
1685,Glendon Brook
1686,Glenelg
1687,Glenellen
1688,Glenfield
1689,Glenfield Park
1690,Glengarrie
1691,Glenhaven
1692,Gleniffer
1693,Glenmore
1694,Glenmore Park
1695,Glennies Creek
1696,Glenning Valley
1697,Glenorie
1698,Glenquarie
1699,Glenquarry
1700,Glenreagh
1701,Glenridding
1702,Glenrock
1703,Glenroy
1704,Glenthorne
1705,Glenugie
1706,Glenwood
1707,Glenworth Valley
1708,Glossodia
1709,Gloucester
1710,Gloucester Tops
1711,Goat Island
1712,Gobarralong
1713,Gobbagombalin
1714,Gocup
1715,Godfreys Creek
1716,Gogeldrie
1717,Gol Gol
1718,Gollan
1719,Golspie
1720,Gongolgon
1721,Gonn
1722,Goobarragandra
1723,Good Forest
1724,Good Hope
1725,Goodmans Ford
1726,Goodnight
1727,Goodooga
1728,Goodwood Island
1729,Googong
1730,Goolgowi
1731,Goolhi
1732,Goolma
1733,Goolmangar
1734,Gooloogong
1735,Goombargana
1736,Goonellabah
1737,Goonengerry
1738,Goonoo Forest
1739,Goonoo Goonoo
1740,Goonumbla
1741,Goorangoola
1742,Goorianawa
1743,Gordon
1744,Gorge Creek
1745,Gormans Hill
1746,Gorokan
1747,Gosford
1748,Gosforth
1749,Gostwyck
1750,Goulburn
1751,Goulburn Dc
1752,Goulburn North
1753,Gouldsville
1754,Gowan
1755,Gowang
1756,Gowrie
1757,Grabben Gullen
1758,Gradys Creek
1759,Grafton
1760,Gragin
1761,Grahamstown
1762,Graman
1763,Grants Beach
1764,Granville
1765,Grasmere
1766,Grassy Head
1767,Grattai
1768,Gravesend
1769,Grawin Opal Fields
1770,Grays Point
1771,Great Mackerel Beach
1772,Great Marlow
1773,Green Cape
1774,Green Creek
1775,Green Forest
1776,Green Gully
1777,Green Hills
1778,Green Pigeon
1779,Green Point
1780,Green Valley
1781,Greenacre
1782,Greendale
1783,Greenethorpe
1784,Greenfield Park
1785,Greengrove
1786,Greenhill
1787,Greenhills Beach
1788,Greenlands
1789,Greenleigh
1790,Greenridge
1791,Greenwell Point
1792,Greenwich
1793,Greenwich Park
1794,Greg Greg
1795,Gregadoo
1796,Gregory Hills
1797,Greigs Flat
1798,Grenfell
1799,Gresford
1800,Greta
1801,Greta Main
1802,Grevillia
1803,Greystanes
1804,Griffith
1805,Griffith Dc
1806,Griffith East
1807,Grogan
1808,Grong Grong
1809,Grose Vale
1810,Grose Wold
1811,Grosses Plain
1812,Growee
1813,Guerilla Bay
1814,Guildford
1815,Guildford West
1816,Gulargambone
1817,Gulf Creek
1818,Gulgong
1819,Gulmarrad
1820,Gum Flat
1821,Gum Scrub
1822,Gumbalie
1823,Gumble
1824,Gumly Gumly
1825,Gumma
1826,Gunbar
1827,Gundagai
1828,Gundamulda
1829,Gundaroo
1830,Gundary
1831,Gunderbooka
1832,Gunderman
1833,Gundy
1834,Gungal
1835,Gungalman
1836,Gunnedah
1837,Gunning
1838,Gunning Gap
1839,Gunningbland
1840,Gunningrah
1841,Guntawang
1842,Gurley
1843,Gurnang
1844,Gurranang
1845,Gurrundah
1846,Guyong
1847,Guyra
1848,Gwabegar
1849,Gwandalan
1850,Gwynneville
1851,Gymea
1852,Gymea Bay
1853,Haberfield
1854,Hacks Ferry
1855,Halekulani
1856,Halfway Creek
1857,Hallidays Point
1858,Halloran
1859,Halls Creek
1860,Hallsville
1861,Halton
1862,Hambledon Hill
1863,Hamilton
1864,Hamilton Dc
1865,Hamilton East
1866,Hamilton North
1867,Hamilton South
1868,Hamilton Valley
1869,Hamlyn Terrace
1870,Hammondville
1871,Hampden Hall
1872,Hampton
1873,Hanging Rock
1874,Hanleys Creek
1875,Hannam Vale
1876,Hanwood
1877,Harden
1878,Hardys Bay
1879,Harefield
1880,Hargraves
1881,Harolds Cross
1882,Harparary
1883,Harpers Hill
1884,Harrington
1885,Harrington Park
1886,Harris Park
1887,Hartley
1888,Hartley Vale
1889,Hartwood
1890,Hartys Plains
1891,Harwood
1892,Hassall Grove
1893,Hassans Walls
1894,Hastings Point
1895,Hat Head
1896,Hatfield
1897,Havilah
1898,Hawkesbury Heights
1899,Hawks Nest
1900,Hay
1901,Hay South
1902,Hayes Gap
1903,Haymarket
1904,Haystack
1905,Hayters Hill
1906,Haywards Bay
1907,Hazelbrook
1908,Hazelgrove
1909,Heathcote
1910,Heatherbrae
1911,Hebden
1912,Hebersham
1913,Heckenberg
1914,Heddon Greta
1915,Heifer Station
1916,Helensburgh
1917,Henley
1918,Henty
1919,Hereford Hall
1920,Hermidale
1921,Hermitage Flat
1922,Hernani
1923,Herons Creek
1924,Hexham
1925,Hickeys Creek
1926,High Range
1927,Higher Macdonald
1928,Highfields
1929,Hill End
1930,Hill Top
1931,Hilldale
1932,Hillgrove
1933,Hillsborough
1934,Hillsdale
1935,Hillston
1936,Hillville
1937,Hillvue
1938,Hinchinbrook
1939,Hinton
1940,Hmas Albatross
1941,Hmas Creswell
1942,Hmas Platypus
1943,Hmas Rushcutters
1944,Hmas Waterhen
1945,Hmas Watson
1946,Hobartville
1947,Hobbys Yards
1948,Hogarth Range
1949,Holbrook
1950,Holgate
1951,Hollisdale
1952,Hollydeen
1953,Holmesville
1954,Holroyd
1955,Holsworthy
1956,Holts Flat
1957,Home Rule
1958,Homebush
1959,Homebush South
1960,Homebush West
1961,Homeleigh
1962,Honeybugle
1963,Hopefield
1964,Hopkins Creek
1965,Horningsea Park
1966,Hornsby
1967,Hornsby Heights
1968,Horse Station Creek
1969,Horseshoe Bend
1970,Horseshoe Creek
1971,Horsfield Bay
1972,Horsley
1973,Horsley Park
1974,Hoskinstown
1975,Hovells Creek
1976,Howards Grass
1977,Howell
1978,Howes Valley
1979,Howick
1980,Howlong
1981,Hoxton Park
1982,Hume
1983,Humula
1984,Hungerford
1985,Hunters Hill
1986,Hunterview
1987,Huntingdon
1988,Huntingwood
1989,Huntley
1990,Huntleys Cove
1991,Huntleys Point
1992,Huonbrook
1993,Hurlstone Park
1994,Hurstville
1995,Hurstville Grove
1996,Hurstville Westfield
1997,Huskisson
1998,Hyams Beach
1999,Hyland Park
2000,Hyndmans Creek
2001,Ilarwill
2002,Ilford
2003,Illabo
2004,Illaroo
2005,Illawong
2006,Iluka
2007,Indi
2008,Ingebirah
2009,Ingleburn
2010,Ingleside
2011,Innes View
2012,Inverell
2013,Invergordon
2014,Invergowrie
2015,Iron Gates
2016,Iron Pot Creek
2017,Ironbark
2018,Ironmungy
2019,Irvington
2020,Irymple
2021,Isabella
2022,Islington
2023,Ivanhoe
2024,Jackadgery
2025,Jacks Creek
2026,Jacksons Flat
2027,Jacky Bulbin Flat
2028,Jagumba
2029,Jagungal Wilderness
2030,Jamberoo
2031,James Creek
2032,Jamisontown
2033,Jannali
2034,Jaspers Brush
2035,Jaunter
2036,Jeir
2037,Jellat Jellat
2038,Jemalong
2039,Jembaicumbene
2040,Jenolan
2041,Jeogla
2042,Jerangle
2043,Jeremadra
2044,Jeremy
2045,Jerilderie
2046,Jerrabattgulla
2047,Jerrabomberra
2048,Jerrara
2049,Jerrawa
2050,Jerrawangala
2051,Jerrong
2052,Jerrys Plains
2053,Jerseyville
2054,Jervis Bay
2055,Jesmond
2056,Jewells
2057,Jews Lagoon
2058,Jiggi
2059,Jilliby
2060,Jimenbuen
2061,Jincumbilly
2062,Jindabyne
2063,Jinden
2064,Jindera
2065,Jingellic
2066,Jingera
2067,Joadja
2068,Joes Box
2069,Johns River
2070,Jolly Nose
2071,Jones Bridge
2072,Jones Creek
2073,Jones Island
2074,Jordan Springs
2075,Judds Creek
2076,Jugiong
2077,Junction Hill
2078,Junee
2079,Junee Reefs
2080,Kahibah
2081,Kains Flat
2082,Kalang
2083,Kalaru
2084,Kalkite
2085,Kamarah
2086,Kameruka
2087,Kanahooka
2088,Kanangra
2089,Kandos
2090,Kangaloon
2091,Kangaroo Creek
2092,Kangaroo Point
2093,Kangaroo Valley
2094,Kangaroobie
2095,Kangiara
2096,Kangy Angy
2097,Kanimbla
2098,Kanoona
2099,Kanwal
2100,Kapooka
2101,Kaputar
2102,Karaak Flat
2103,Karabar
2104,Karangi
2105,Kareela
2106,Kariong
2107,Kars Springs
2108,Karuah
2109,Katoomba
2110,Katoomba Dc
2111,Kayuga
2112,Kearns
2113,Kearsley
2114,Keepit
2115,Keera
2116,Keerrong
2117,Keinbah
2118,Keiraville
2119,Keith Hall
2120,Kelgoola
2121,Kellys Plains
2122,Kellyville
2123,Kellyville Ridge
2124,Kelso
2125,Kelvin
2126,Kembla Grange
2127,Kembla Heights
2128,Kemps Creek
2129,Kempsey
2130,Kendall
2131,Kenebri
2132,Kennaicle Creek
2133,Kensington
2134,Kenthurst
2135,Kentlyn
2136,Kentucky
2137,Kentucky South
2138,Kerewong
2139,Keri Keri
2140,Kerrabee
2141,Kerrigundi
2142,Kerrs Creek
2143,Kew
2144,Keybarbin
2145,Khancoban
2146,Khatambuhl
2147,Kia Ora
2148,Kiacatoo
2149,Kiah
2150,Kiama
2151,Kiama Downs
2152,Kiama Heights
2153,Kianga
2154,Kiar
2155,Kickabil
2156,Kielvale
2157,Kikiamah
2158,Kikoira
2159,Kilaben Bay
2160,Kilgin
2161,Kilgra
2162,Killabakh
2163,Killara
2164,Killarney Heights
2165,Killarney Vale
2166,Killawarra
2167,Killcare
2168,Killcare Heights
2169,Killiekrankie
2170,Killimicat
2171,Killingworth
2172,Killongbutta
2173,Kimbriki
2174,Kinchela
2175,Kincumber
2176,Kincumber South
2177,Kindee
2178,Kindervale
2179,King Creek
2180,Kingfisher Shores
2181,Kinghorne
2182,Kings Forest
2183,Kings Hill
2184,Kings Langley
2185,Kings Park
2186,Kings Plains
2187,Kings Point
2188,Kingscliff
2189,Kingsdale
2190,Kingsdene
2191,Kingsford
2192,Kingsgate
2193,Kingsgrove
2194,Kingsgrove Dc
2195,Kingsland
2196,Kingstown
2197,Kingsvale
2198,Kingsway West
2199,Kingswood
2200,Kinvara
2201,Kioloa
2202,Kiora
2203,Kippara
2204,Kippaxs
2205,Kippenduff
2206,Kirkconnell
2207,Kirkham
2208,Kirrawee
2209,Kirrawee Dc
2210,Kirribilli
2211,Kitchener
2212,Kiwarrak
2213,Klori
2214,Knights Hill
2215,Knockrow
2216,Knorrit Flat
2217,Knorrit Forest
2218,Kogarah
2219,Kogarah Bay
2220,Kooba
2221,Kookabookra
2222,Koolewong
2223,Koolkhan
2224,Koonawarra
2225,Koonorigan
2226,Koonyum Range
2227,Kooragang
2228,Koorainghat
2229,Koorawatha
2230,Kooringal
2231,Kootingal
2232,Koraleigh
2233,Koreelah
2234,Korora
2235,Kosciuszko
2236,Kosciuszko National Park
2237,Kotara
2238,Kotara East
2239,Kotara Fair
2240,Kotara South
2241,Kowen
2242,Krambach
2243,Krawarree
2244,Kremnos
2245,Kulnura
2246,Kulwin
2247,Kunama
2248,Kundabung
2249,Kundibakh
2250,Kundle Kundle
2251,Kungala
2252,Kunghur
2253,Kunghur Creek
2254,Kurmond
2255,Kurnell
2256,Kurraba Point
2257,Kurrajong
2258,Kurrajong Heights
2259,Kurrajong Hills
2260,Kurri Kurri
2261,Kyalite
2262,Kyarran
2263,Kybeyan
2264,Kyeamba
2265,Kyeemagh
2266,Kyle Bay
2267,Kynnumboon
2268,Kyogle
2269,La Perouse
2270,Lacmalac
2271,Lade Vale
2272,Ladysmith
2273,Laffing Waters
2274,Laggan
2275,Lagoon Grass
2276,Laguna
2277,Lake Albert
2278,Lake Bathurst
2279,Lake Brewster
2280,Lake Burrendong
2281,Lake Cargelligo
2282,Lake Cathie
2283,Lake Conjola
2284,Lake Cowal
2285,Lake George
2286,Lake Haven
2287,Lake Heights
2288,Lake Hiawatha
2289,Lake Illawarra
2290,Lake Innes
2291,Lake Munmorah
2292,Lake Tabourie
2293,Lake Wyangan
2294,Lakelands
2295,Lakemba
2296,Lakemba Dc
2297,Lakesland
2298,Lakewood
2299,Lalor Park
2300,Lambs Valley
2301,Lambton
2302,Landervale
2303,Lane Cove
2304,Lane Cove Dc
2305,Lane Cove North
2306,Lane Cove West
2307,Langley Vale
2308,Lanitza
2309,Lankeys Creek
2310,Lansdowne
2311,Lansdowne Forest
2312,Lansvale
2313,Lapstone
2314,Larbert
2315,Largs
2316,Larnook
2317,Larras Lee
2318,Laughtondale
2319,Laurel Hill
2320,Laurieton
2321,Lavadia
2322,Lavender Bay
2323,Laverstock
2324,Lavington
2325,Lavington Dc
2326,Lawrence
2327,Lawson
2328,Leadville
2329,Leconfield
2330,Lee Creek
2331,Leeton
2332,Leets Vale
2333,Leeville
2334,Legume
2335,Leichhardt
2336,Lemington
2337,Lemon Tree
2338,Lemon Tree Passage
2339,Len Waters Estate
2340,Lenaghan
2341,Lennox Head
2342,Leonay
2343,Leppington
2344,Lerida
2345,Lethbridge Park
2346,Leumeah
2347,Leura
2348,Levenstrath
2349,Lewinsbrook
2350,Lewis Ponds
2351,Lewisham
2352,Leycester
2353,Liberty Grove
2354,Lidcombe
2355,Lidcombe North
2356,Liddell
2357,Lidsdale
2358,Lidster
2359,Lighthouse Beach
2360,Lightning Ridge
2361,Lilli Pilli
2362,Lillian Rock
2363,Lilydale
2364,Lilyfield
2365,Lilyvale
2366,Limbri
2367,Limeburners Creek
2368,Limekilns
2369,Limerick
2370,Limestone
2371,Limpinwood
2372,Linburn
2373,Linden
2374,Lindendale
2375,Lindesay
2376,Lindesay Creek
2377,Lindfield
2378,Lindfield West
2379,Lindifferon
2380,Linley Point
2381,Lionsville
2382,Lisarow
2383,Lismore
2384,Lismore Dc
2385,Lismore Heights
2386,Liston
2387,Lithgow
2388,Little Back Creek
2389,Little Bay
2390,Little Billabong
2391,Little Forest
2392,Little Hartley
2393,Little Jacks Creek
2394,Little Jilliby
2395,Little Pelican
2396,Little Plain
2397,Little River
2398,Little Topar
2399,Little Wobby
2400,Littleton
2401,Liverpool
2402,Liverpool South
2403,Liverpool Westfield
2404,Llanarth
2405,Llandilo
2406,Llangothlin
2407,Lloyd
2408,Loadstone
2409,Lochiel
2410,Lochinvar
2411,Lockhart
2412,Locksley
2413,Loftus
2414,Loftville
2415,Logans Crossing
2416,Logie Brae
2417,Londonderry
2418,Long Beach
2419,Long Flat
2420,Long Jetty
2421,Long Plain
2422,Long Point
2423,Longarm
2424,Longreach
2425,Longueville
2426,Loombah
2427,Loomberah
2428,Lord Howe Island
2429,Lords Hill
2430,Lorn
2431,Lorne
2432,Lost River
2433,Lostock
2434,Louisa Creek
2435,Louth
2436,Louth Park
2437,Lovedale
2438,Lovett Bay
2439,Lowanna
2440,Lower Acacia Creek
2441,Lower Bago
2442,Lower Belford
2443,Lower Boro
2444,Lower Bottle Creek
2445,Lower Creek
2446,Lower Duck Creek
2447,Lower Dyraaba
2448,Lower Lewis Ponds
2449,Lower Macdonald
2450,Lower Mangrove
2451,Lower Pappinbarra
2452,Lower Peacock
2453,Lower Portland
2454,Lower Southgate
2455,Lowesdale
2456,Lowther
2457,Loxford
2458,Lucas Heights
2459,Lucknow
2460,Luddenham
2461,Lue
2462,Lugarno
2463,Lurnea
2464,Luskintyre
2465,Lynchs Creek
2466,Lyndhurst
2467,Lynwood
2468,Mabins Well
2469,Macarthur Square
2470,Macdonalds Creek
2471,Macksville
2472,Maclean
2473,Macmasters Beach
2474,Macquarie Centre
2475,Macquarie Fields
2476,Macquarie Hills
2477,Macquarie Links
2478,Macquarie Marshes
2479,Macquarie Park
2480,Macquarie Pass
2481,Maddens Plains
2482,Maffra
2483,Magenta
2484,Magometon
2485,Maianbar
2486,Maimuru
2487,Main Arm
2488,Main Creek
2489,Mairjimmy
2490,Maison Dieu
2491,Maitland
2492,Maitland Bar
2493,Maitland North
2494,Maitland Vale
2495,Majors Creek
2496,Malabar
2497,Malabugilmah
2498,Maldon
2499,Mallabula
2500,Mallan
2501,Mallanganee
2502,Mallee
2503,Mallowa
2504,Maloneys Beach
2505,Malua Bay
2506,Manahan
2507,Manar
2508,Manchester Square
2509,Mandagery
2510,Mandalong
2511,Mandemar
2512,Mandurama
2513,Mangerton
2514,Mangoola
2515,Mangoplah
2516,Mangrove Creek
2517,Mangrove Mountain
2518,Manildra
2519,Manilla
2520,Manly
2521,Manly East
2522,Manly Vale
2523,Mannering Park
2524,Manning Point
2525,Mannus
2526,Manobalai
2527,Manton
2528,Manyana
2529,Maragle
2530,Maraylya
2531,Marayong
2532,March
2533,Marchmont
2534,Mardi
2535,Marengo
2536,Mares Run
2537,Marinna
2538,Marks Point
2539,Markwell
2540,Marlee
2541,Marlo Merrican
2542,Marlow
2543,Marlowe
2544,Marmong Point
2545,Marom Creek
2546,Maroota
2547,Maroubra
2548,Maroubra South
2549,Marrangaroo
2550,Marrar
2551,Marrickville
2552,Marrickville Metro
2553,Marrickville South
2554,Marsden Park
2555,Marsfield
2556,Marshall Mount
2557,Marshdale
2558,Marthaguy
2559,Martindale
2560,Martins Creek
2561,Martinsville
2562,Marulan
2563,Maryland
2564,Marys Mount
2565,Maryvale
2566,Maryville
2567,Mascot
2568,Matcham
2569,Matheson
2570,Mathoura
2571,Matong
2572,Matraville
2573,Maude
2574,Maules Creek
2575,Maxwell
2576,Maybole
2577,Mayers Flat
2578,Mayfield
2579,Mayfield East
2580,Mayfield North
2581,Mayfield West
2582,Mayrung
2583,Mays Hill
2584,Mayvale
2585,Mccarrs Creek
2586,Mccullys Gap
2587,Mcdougalls Hill
2588,Mcgraths Hill
2589,Mckees Hill
2590,Mckellars Park
2591,Mcleans Ridges
2592,Mcleods Shoot
2593,Mcmahons Point
2594,Mcmahons Reef
2595,Meadow Flat
2596,Meadowbank
2597,Mebbin
2598,Mebul
2599,Medlow Bath
2600,Medowie
2601,Medway
2602,Meerschaum Vale
2603,Megalong Valley
2604,Megan
2605,Melbergen
2606,Melinga
2607,Mellong
2608,Mellool
2609,Melrose Park
2610,Melville
2611,Memagong
2612,Menah
2613,Menai
2614,Menai Central
2615,Menangle
2616,Menangle Park
2617,Mendooran
2618,Menindee
2619,Merah North
2620,Merewether
2621,Merewether Heights
2622,Merimbula
2623,Meringo
2624,Mernot
2625,Meroo
2626,Meroo Meadow
2627,Merotherie
2628,Merriangaah
2629,Merricumbene
2630,Merrigal
2631,Merrill
2632,Merriwa
2633,Merriwagga
2634,Merrygoen
2635,Merrylands
2636,Merrylands West
2637,Merungle Hill
2638,Meryla
2639,Metford
2640,Metford Dc
2641,Methul
2642,Metz
2643,Miamley
2644,Miandetta
2645,Micalo Island
2646,Michelago
2647,Middle Arm
2648,Middle Brook
2649,Middle Brother
2650,Middle Cove
2651,Middle Dural
2652,Middle Falbrook
2653,Middle Flat
2654,Middle Pocket
2655,Middleton Grange
2656,Middlingbank
2657,Midginbil
2658,Mihi
2659,Mila
2660,Milbrodale
2661,Milbrulong
2662,Milkers Flat
2663,Millah Murrah
2664,Millbank
2665,Miller
2666,Millers Forest
2667,Millers Point
2668,Millfield
2669,Millie
2670,Millingandi
2671,Millthorpe
2672,Milparinka
2673,Milperra
2674,Milroy
2675,Milsons Arm
2676,Milsons Passage
2677,Milsons Point
2678,Milton
2679,Milvale
2680,Mimosa
2681,Minchinbury
2682,Mindaribba
2683,Minimbah
2684,Minjary
2685,Minmi
2686,Minnamurra
2687,Minnie Water
2688,Minore
2689,Minto
2690,Minto Dc
2691,Minto Heights
2692,Mirador
2693,Miranda
2694,Mirannie
2695,Mirrabooka
2696,Mirrool
2697,Missabotti
2698,Missenden Road
2699,Mitchell
2700,Mitchells Flat
2701,Mitchells Island
2702,Mittagong
2703,Moama
2704,Modanville
2705,Mogareeka
2706,Mogendoura
2707,Moggs Swamp
2708,Mogilla
2709,Mogo
2710,Mogo Creek
2711,Mogood
2712,Mograni
2713,Mogriguy
2714,Mole River
2715,Moleville Creek
2716,Mollyan
2717,Mollymook
2718,Mollymook Beach
2719,Molong
2720,Mona Vale
2721,Monak
2722,Monaltrie
2723,Monash Park
2724,Mondayong
2725,Mondrook
2726,Monga
2727,Mongarlowe
2728,Mongogarie
2729,Monia Gap
2730,Monivae
2731,Monkerai
2732,Monteagle
2733,Montecollum
2734,Montefiores
2735,Monterey
2736,Mooball
2737,Moobi
2738,Moogem
2739,Mookerawa
2740,Mookima Wybra
2741,Moolarben
2742,Moollattoo
2743,Moolpa
2744,Moombooldool
2745,Moonan Brook
2746,Moonan Flat
2747,Moonbah
2748,Moonbi
2749,Moonbria
2750,Mooneba
2751,Moonee
2752,Moonee Beach
2753,Moonem
2754,Mooney Mooney
2755,Mooney Mooney Creek
2756,Moonpar
2757,Mooral Creek
2758,Moorara
2759,Moorbel
2760,Moore Creek
2761,Moore Park
2762,Moorebank
2763,Moorilda
2764,Moorland
2765,Moorong
2766,Moorwatha
2767,Moparrabah
2768,Moppy
2769,Morago
2770,Morangarell
2771,Morans Crossing
2772,Moree
2773,Moree East
2774,Morisset
2775,Morisset Park
2776,Morning Bay
2777,Mororo
2778,Morpeth
2779,Mortdale
2780,Mortlake
2781,Morton
2782,Mortons Creek
2783,Morts Estate
2784,Moruben
2785,Morundah
2786,Moruya
2787,Moruya Heads
2788,Morven
2789,Mosman
2790,Moss Vale
2791,Mossgiel
2792,Mossy Point
2793,Moto
2794,Moulamein
2795,Mount Adrah
2796,Mount Annan
2797,Mount Aquila
2798,Mount Arthur
2799,Mount Austin
2800,Mount Burrell
2801,Mount Colah
2802,Mount Collins
2803,Mount Cooper
2804,Mount Darragh
2805,Mount David
2806,Mount Dee
2807,Mount Druitt
2808,Mount Druitt Village
2809,Mount Elliot
2810,Mount Fairy
2811,Mount Foster
2812,Mount Frome
2813,Mount George
2814,Mount Harris
2815,Mount Hope
2816,Mount Horeb
2817,Mount Hunter
2818,Mount Hutton
2819,Mount Irvine
2820,Mount Keira
2821,Mount Kembla
2822,Mount Kingiman
2823,Mount Knowles
2824,Mount Kuring Gai
2825,Mount Lambie
2826,Mount Lewis
2827,Mount Lindsey
2828,Mount Marsden
2829,Mount Marsh
2830,Mount Mitchell
2831,Mount Murray
2832,Mount Olive
2833,Mount Ousley
2834,Mount Panorama
2835,Mount Pleasant
2836,Mount Pritchard
2837,Mount Rankin
2838,Mount Rivers
2839,Mount Riverview
2840,Mount Royal
2841,Mount Russell
2842,Mount Saint Thomas
2843,Mount Seaview
2844,Mount Tenandra
2845,Mount Thorley
2846,Mount Tomah
2847,Mount Vernon
2848,Mount Victoria
2849,Mount View
2850,Mount Vincent
2851,Mount Warning
2852,Mount Warrigal
2853,Mount Werong
2854,Mount White
2855,Mount Wilson
2856,Mountain Creek
2857,Mountain Lagoon
2858,Mountain Top
2859,Mountain View
2860,Mourquong
2861,Mowbray Park
2862,Mozart
2863,Mudgee
2864,Mulbring
2865,Mulgoa
2866,Mulgrave
2867,Mulguthrie
2868,Muli Muli
2869,Mulla
2870,Mulla Creek
2871,Mullaley
2872,Mullamuddy
2873,Mullaway
2874,Mullengandra
2875,Mullengudgery
2876,Mullion
2877,Mullion Creek
2878,Mulloon
2879,Mullumbimby
2880,Mullumbimby Creek
2881,Mulwala
2882,Mulyandry
2883,Mumbil
2884,Mumblebone Plain
2885,Mumbulla Mountain
2886,Mummel
2887,Mummulgum
2888,Mundamia
2889,Mundarlo
2890,Munderoo
2891,Mundongo
2892,Mungay Creek
2893,Munghorn
2894,Mungindi
2895,Mungo
2896,Mungo Brush
2897,Munni
2898,Munyabla
2899,Murga
2900,Murrah
2901,Murrami
2902,Murrawombie
2903,Murray Downs
2904,Murray Gorge
2905,Murrays Beach
2906,Murrays Run
2907,Murrengenburg
2908,Murrin Bridge
2909,Murringo
2910,Murrulebale
2911,Murrumbateman
2912,Murrumbo
2913,Murrumbucca
2914,Murrumburrah
2915,Murrurundi
2916,Murulla
2917,Murwillumbah
2918,Murwillumbah Dc
2919,Murwillumbah South
2920,Muscle Creek
2921,Muswellbrook
2922,Mutawintji
2923,Muttama
2924,Myall Creek
2925,Myall Lake
2926,Myall Park
2927,Myalla
2928,Mylestom
2929,Mylneford
2930,Myocum
2931,Myola
2932,Myrtle Creek
2933,Myrtle Mountain
2934,Myrtle Park
2935,Myrtleville
2936,Mystery Bay
2937,Myuna Bay
2938,Nabiac
2939,Nadgee
2940,Nambucca Heads
2941,Namoi River
2942,Nana Glen
2943,Nangus
2944,Napier Lane
2945,Napoleon Reef
2946,Naradhan
2947,Narara
2948,Narellan
2949,Narellan Dc
2950,Narellan Vale
2951,Naremburn
2952,Narone Creek
2953,Narooma
2954,Narrabarba
2955,Narrabeen
2956,Narrabri
2957,Narrabri West
2958,Narraburra
2959,Narran Lake
2960,Narrandera
2961,Narrangullen
2962,Narrawa
2963,Narrawallee
2964,Narraweena
2965,Narromine
2966,Narwee
2967,Nashdale
2968,Nashua
2969,Nattai
2970,Naughtons Gap
2971,Neath
2972,Nebea
2973,Neilrex
2974,Nelligen
2975,Nelson
2976,Nelson Bay
2977,Nelsons Plains
2978,Nelungaloo
2979,Nemingha
2980,Nericon
2981,Neringla
2982,Nerong
2983,Nerriga
2984,Nerrigundah
2985,Nethercote
2986,Neurea
2987,Neutral Bay
2988,Neutral Bay Junction
2989,Never Never
2990,Nevertire
2991,Neville
2992,New Berrima
2993,New Brighton
2994,New Buildings
2995,New Italy
2996,New Lambton
2997,New Lambton Heights
2998,New Mexico
2999,New Park
3000,New Valley
3001,Newbold
3002,Newbridge
3003,Newcastle
3004,Newcastle East
3005,Newcastle University
3006,Newcastle West
3007,Newee Creek
3008,Newington
3009,Newnes
3010,Newnes Plateau
3011,Newport
3012,Newport Beach
3013,Newrybar
3014,Newstead
3015,Newton Boyd
3016,Newtown
3017,Niagara Park
3018,Niangala
3019,Niemur
3020,Nightcap
3021,Nimbin
3022,Nimmitabel
3023,Nimmo
3024,Nobbys Creek
3025,Nombi
3026,Noona
3027,Noorong
3028,Nooroo
3029,Norah Head
3030,Noraville
3031,Nords Wharf
3032,Norfolk Island
3033,Normanhurst
3034,North Albury
3035,North Arm
3036,North Arm Cove
3037,North Avoca
3038,North Balgowlah
3039,North Batemans Bay
3040,North Boambee Valley
3041,North Bondi
3042,North Bourke
3043,North Brother
3044,North Casino
3045,North Curl Curl
3046,North Dorrigo
3047,North Epping
3048,North Gosford
3049,North Haven
3050,North Lambton
3051,North Lismore
3052,North Macksville
3053,North Macquarie
3054,North Manly
3055,North Narooma
3056,North Narrabeen
3057,North Nowra
3058,North Parramatta
3059,North Richmond
3060,North Rocks
3061,North Rothbury
3062,North Ryde
3063,North Shore
3064,North St Marys
3065,North Star
3066,North Strathfield
3067,North Sydney
3068,North Sydney Shoppingworld
3069,North Tamworth
3070,North Tumbulgum
3071,North Turramurra
3072,North Wagga Wagga
3073,North Wahroonga
3074,North Willoughby
3075,North Wollongong
3076,North Woodburn
3077,North Yalgogrin
3078,North Yeoval
3079,Northangera
3080,Northbridge
3081,Northmead
3082,Northwood
3083,Norway
3084,Nowendoc
3085,Nowley
3086,Nowra
3087,Nowra Dc
3088,Nowra East
3089,Nowra Hill
3090,Nowra Naval Po
3091,Nubba
3092,Nulkaba
3093,Nullamanna
3094,Nullica
3095,Nullo Mountain
3096,Numbaa
3097,Number One
3098,Numbla Vale
3099,Numbugga
3100,Numeralla
3101,Numinbah
3102,Numulgi
3103,Nunderi
3104,Nundle
3105,Nungatta
3106,Nungatta South
3107,Nurenmerenmong
3108,Nymagee
3109,Nymboida
3110,Nyngan
3111,Nyora
3112,Nyrang Creek
3113,O Connell
3114,Oak Flats
3115,Oak Flats Dc
3116,Oakdale
3117,Oakhampton
3118,Oakhampton Heights
3119,Oakhurst
3120,Oaklands
3121,Oaks Estate
3122,Oakville
3123,Oakwood
3124,Oaky Park
3125,Oallen
3126,Oatlands
3127,Oatley
3128,Oban
3129,Obanvale
3130,Oberne Creek
3131,Oberon
3132,Obley
3133,Ocean Shores
3134,Ogunbil
3135,Old Adaminaby
3136,Old Bar
3137,Old Bonalbo
3138,Old Erowal Bay
3139,Old Grevillia
3140,Old Guildford
3141,Old Junee
3142,Old Mill
3143,Old Station
3144,Old Toongabbie
3145,Olinda
3146,Olney
3147,Omadale
3148,One Mile
3149,One Tree
3150,Oolong
3151,Ooma
3152,Ootha
3153,Ophir
3154,Oran Park
3155,Orange
3156,Orange Dc
3157,Orange East
3158,Orange Grove
3159,Orangeville
3160,Orchard Hills
3161,Orient Point
3162,Orton Park
3163,Osborne
3164,Osterley
3165,Oswald
3166,Otford
3167,Oura
3168,Ourimbah
3169,Ournie
3170,Owens Gap
3171,Oxford Falls
3172,Oxley
3173,Oxley Island
3174,Oxley Park
3175,Oxley Vale
3176,Oyster Bay
3177,Oyster Cove
3178,Pacific Palms
3179,Packsaddle
3180,Paddington
3181,Paddys Flat
3182,Paddys River
3183,Padstow
3184,Padstow Heights
3185,Pagans Flat
3186,Pages Creek
3187,Pages River
3188,Pagewood
3189,Palarang
3190,Palerang
3191,Paling Yards
3192,Pallal
3193,Pallamallawa
3194,Palm Beach
3195,Palm Grove
3196,Palmdale
3197,Palmers Channel
3198,Palmers Island
3199,Palmers Oaky
3200,Palmvale
3201,Palmwoods
3202,Pambula
3203,Pambula Beach
3204,Pampoolah
3205,Pan Ban
3206,Panania
3207,Pangee
3208,Panuara
3209,Pappinbarra
3210,Para
3211,Paradise
3212,Paringi
3213,Parkes
3214,Parkesbourne
3215,Parklea
3216,Parkville
3217,Parliament House
3218,Parma
3219,Parramatta
3220,Parramatta Westfield
3221,Parraweena
3222,Patchs Beach
3223,Paterson
3224,Patonga
3225,Paupong
3226,Paxton
3227,Paynes Crossing
3228,Paytens Bridge
3229,Peacock Creek
3230,Peak Hill
3231,Peak View
3232,Peakhurst
3233,Peakhurst Dc
3234,Peakhurst Heights
3235,Pearces Creek
3236,Pearl Beach
3237,Peats Ridge
3238,Pebbly Beach
3239,Peel
3240,Peelwood
3241,Pejar
3242,Pelaw Main
3243,Pelican
3244,Pelton
3245,Pembrooke
3246,Pemulwuy
3247,Pendle Hill
3248,Pennant Hills
3249,Penrith
3250,Penrith Plaza
3251,Penrith South
3252,Penrose
3253,Penshurst
3254,Pericoe
3255,Perisher Valley
3256,Perrys Crossing
3257,Perthville
3258,Petersham
3259,Petersham North
3260,Pheasants Nest
3261,Phegans Bay
3262,Phillip Bay
3263,Phoenix Park
3264,Piallamore
3265,Piallaway
3266,Piambong
3267,Picketts Valley
3268,Picnic Point
3269,Picton
3270,Pigeonbah
3271,Piggabeen
3272,Pikapene
3273,Pillar Valley
3274,Pilliga
3275,Pilot Wilderness
3276,Pimlico
3277,Pimlico Island
3278,Pinbeyan
3279,Pindaroi
3280,Pindimar
3281,Pine Camp
3282,Pine Clump
3283,Pine Grove
3284,Pine Lodge
3285,Pine Ridge
3286,Pine Valley
3287,Piney Range
3288,Pinkett
3289,Pinnacle
3290,Pinnacle Swamp
3291,Pinny Beach
3292,Piora
3293,Pipeclay
3294,Pitnacree
3295,Pitt Town
3296,Pitt Town Bottoms
3297,Pleasant Hills
3298,Pleasure Point
3299,Plumpton
3300,Point Clare
3301,Point Frederick
3302,Point Piper
3303,Point Wolstoncroft
3304,Pointer Mountain
3305,Pokolbin
3306,Pola Creek
3307,Polo Flat
3308,Pomeroy
3309,Pomona
3310,Ponto
3311,Pooncarie
3312,Port Botany
3313,Port Hacking
3314,Port Kembla
3315,Port Macquarie
3316,Port Macquarie Bc
3317,Porters Creek
3318,Porters Retreat
3319,Portland
3320,Possum Brush
3321,Possum Creek
3322,Potato Point
3323,Pottery Estate
3324,Potts Hill
3325,Potts Point
3326,Pottsville
3327,Pottsville Beach
3328,Prairiewood
3329,Premer
3330,Prestons
3331,Pretty Beach
3332,Pretty Pine
3333,Primbee
3334,Primrose Valley
3335,Prospect
3336,Providence Portal
3337,Pucawan
3338,Puddledock
3339,Pulganbar
3340,Pullabooka
3341,Pulletop
3342,Pumpenbil
3343,Punchbowl
3344,Purfleet
3345,Purlewaugh
3346,Putney
3347,Putta Bucca
3348,Putty
3349,Pyangle
3350,Pymble
3351,Pyramul
3352,Pyree
3353,Pyrmont
3354,Quaama
3355,Quakers Hill
3356,Quambone
3357,Quanda
3358,Quandary
3359,Quandialla
3360,Queanbeyan
3361,Queanbeyan Dc
3362,Queanbeyan East
3363,Queanbeyan West
3364,Queens Park
3365,Queens Pinch
3366,Queenscliff
3367,Quialigo
3368,Quidong
3369,Quiera
3370,Quipolly
3371,Quirindi
3372,Quorrobolong
3373,Raby
3374,Raglan
3375,Rainbow Flat
3376,Rainbow Reach
3377,Raleigh
3378,Ramornie
3379,Ramsgate
3380,Ramsgate Beach
3381,Rand
3382,Randwick
3383,Randwick Dc
3384,Rangari
3385,Rangers Valley
3386,Rankin Park
3387,Rankins Springs
3388,Rannock
3389,Rappville
3390,Rathmines
3391,Ravensdale
3392,Ravenswood
3393,Ravensworth
3394,Rawdon Island
3395,Rawdon Vale
3396,Raworth
3397,Rawsonville
3398,Raymond Terrace
3399,Raymond Terrace East
3400,Razorback
3401,Red Head
3402,Red Hill
3403,Red Range
3404,Red Rock
3405,Red Rocks
3406,Redbank
3407,Redbournberry
3408,Reddestone
3409,Redfern
3410,Redhead
3411,Redlands
3412,Reedy Creek
3413,Reedy Swamp
3414,Reefton
3415,Regents Park
3416,Regents Park Dc
3417,Regentville
3418,Reids Flat
3419,Reidsdale
3420,Rennie
3421,Renwick
3422,Repentance Creek
3423,Repton
3424,Reserve Creek
3425,Retreat
3426,Revesby
3427,Revesby Heights
3428,Revesby North
3429,Rhine Falls
3430,Rhodes
3431,Richlands
3432,Richmond
3433,Richmond Hill
3434,Richmond Lowlands
3435,Richmond Vale
3436,Rileys Hill
3437,Ringwood
3438,Riverina Mc
3439,Riverlea
3440,Riverside
3441,Riverstone
3442,Rivertree
3443,Riverview
3444,Riverwood
3445,Rixs Creek
3446,Rob Roy
3447,Robertson
3448,Robin Hill
3449,Rock Flat
3450,Rock Forest
3451,Rock Valley
3452,Rockdale
3453,Rockdale Dc
3454,Rockley
3455,Rockley Mount
3456,Rockton
3457,Rocky Creek
3458,Rocky Glen
3459,Rocky Hall
3460,Rocky Plain
3461,Rocky Point
3462,Rocky River
3463,Rodd Point
3464,Rollands Plains
3465,Rookhurst
3466,Rookwood
3467,Rooty Hill
3468,Ropers Road
3469,Ropes Crossing
3470,Rose Bay
3471,Rose Bay North
3472,Rose Valley
3473,Rosebank
3474,Roseberg
3475,Roseberry
3476,Roseberry Creek
3477,Rosebery
3478,Rosebrook
3479,Rosedale
3480,Rosehill
3481,Roselands
3482,Rosemeadow
3483,Rosemeath
3484,Roseville
3485,Roseville Chase
3486,Rosewood
3487,Roslyn
3488,Rossglen
3489,Rossgole
3490,Rossi
3491,Rossmore
3492,Rothbury
3493,Roto
3494,Rouchel
3495,Rouchel Brook
3496,Roughit
3497,Round Corner
3498,Round Mountain
3499,Round Swamp
3500,Rous
3501,Rous Mill
3502,Rouse Hill
3503,Rowan
3504,Rowena
3505,Rowlands Creek
3506,Royal North Shore Hospital
3507,Royalla
3508,Rozelle
3509,Rufus
3510,Rugby
3511,Rukenvale
3512,Run O Waters
3513,Running Stream
3514,Runnyford
3515,Ruse
3516,Rushcutters Bay
3517,Rushes Creek
3518,Rushforth
3519,Russell Lea
3520,Russell Vale
3521,Rutherford
3522,Ruthven
3523,Ryan
3524,Rydal
3525,Rydalmere
3526,Ryde
3527,Rye Park
3528,Ryhope
3529,Rylstone
3530,Sackville
3531,Sackville North
3532,Saddleback Mountain
3533,Sadleir
3534,Safety Beach
3535,Salamander Bay
3536,Salisbury
3537,Salisbury Plains
3538,Sallys Flat
3539,Salt Ash
3540,Saltwater
3541,San Isidore
3542,San Remo
3543,Sancrox
3544,Sanctuary Point
3545,Sandbar
3546,Sandgate
3547,Sandigo
3548,Sandilands
3549,Sandon
3550,Sandringham
3551,Sandy Beach
3552,Sandy Creek
3553,Sandy Crossing
3554,Sandy Flat
3555,Sandy Gully
3556,Sandy Hill
3557,Sandy Hollow
3558,Sandy Point
3559,Sanger
3560,Sans Souci
3561,Sapphire
3562,Sapphire Beach
3563,Saratoga
3564,Sassafras
3565,Saumarez
3566,Saumarez Ponds
3567,Savernake
3568,Sawpit Creek
3569,Sawtell
3570,Sawyers Gully
3571,Scarborough
3572,Scheyville
3573,Schofields
3574,Scone
3575,Scotia
3576,Scotland Island
3577,Scotts Creek
3578,Scotts Flat
3579,Scotts Head
3580,Seaforth
3581,Seaham
3582,Seahampton
3583,Seal Rocks
3584,Sebastopol
3585,Sedgefield
3586,Seelands
3587,Sefton
3588,Segenhoe
3589,Settlement City
3590,Seven Hills
3591,Seven Hills West
3592,Seven Oaks
3593,Sextonville
3594,Shadforth
3595,Shallow Bay
3596,Shalvey
3597,Shanes Park
3598,Shannon Brook
3599,Shannon Vale
3600,Shannondale
3601,Shannons Flat
3602,Shark Creek
3603,Sharps Creek
3604,Sheedys Gully
3605,Shell Cove
3606,Shellharbour
3607,Shellharbour City Centre
3608,Shelly Beach
3609,Sherwood
3610,Shoal Bay
3611,Shoalhaven Heads
3612,Shooters Hill
3613,Shortland
3614,Silent Grove
3615,Silverdale
3616,Silverton
3617,Silverwater
3618,Simpkins Creek
3619,Singleton
3620,Singleton Dc
3621,Singleton Heights
3622,Singletons Mill
3623,Six Mile Swamp
3624,Skennars Head
3625,Skillion Flat
3626,Skinners Shoot
3627,Sleepy Hollow
3628,Smeaton Grange
3629,Smithfield
3630,Smithfield West
3631,Smiths Creek
3632,Smiths Lake
3633,Smithtown
3634,Snakes Plain
3635,Snowball
3636,Snowy Plain
3637,Sodwalls
3638,Sofala
3639,Soldiers Point
3640,Somersby
3641,Somerton
3642,South Albury
3643,South Arm
3644,South Ballina
3645,South Bathurst
3646,South Bowenfels
3647,South Broken Hill
3648,South Coogee
3649,South Durras
3650,South Evans Head
3651,South Golden Beach
3652,South Grafton
3653,South Granville
3654,South Gundagai
3655,South Gundurimba
3656,South Guyra
3657,South Hurstville
3658,South Kempsey
3659,South Lismore
3660,South Littleton
3661,South Maitland
3662,South Maroota
3663,South Murwillumbah
3664,South Nowra
3665,South Pambula
3666,South Penrith
3667,South Tamworth
3668,South Turramurra
3669,South Wentworthville
3670,South West Rocks
3671,South Windsor
3672,South Wolumla
3673,Southampton
3674,Southgate
3675,Speers Point
3676,Speewa
3677,Spencer
3678,Spicers Creek
3679,Spicketts Creek
3680,Spit Junction
3681,Splitters Creek
3682,Spring Creek
3683,Spring Farm
3684,Spring Flat
3685,Spring Grove
3686,Spring Hill
3687,Spring Mountain
3688,Spring Plains
3689,Spring Ridge
3690,Spring Terrace
3691,Springdale
3692,Springdale Heights
3693,Springfield
3694,Springside
3695,Springvale
3696,Springwood
3697,St Albans
3698,St Andrews
3699,St Clair
3700,St Fillans
3701,St George
3702,St Georges Basin
3703,St Helens Park
3704,St Huberts Island
3705,St Ives
3706,St Ives Chase
3707,St Johns Park
3708,St Leonards
3709,St Marys
3710,St Marys East
3711,St Marys South
3712,St Pauls
3713,St Peters
3714,St Peters Dc
3715,Stanborough
3716,Stanbridge
3717,Stanford Merthyr
3718,Stanhope
3719,Stanhope Gardens
3720,Stanmore
3721,Stannifer
3722,Stannum
3723,Stanwell Park
3724,Stanwell Tops
3725,State Mine Gully
3726,Steam Plains
3727,Steeple Flat
3728,Stewarts Brook
3729,Stewarts Mount
3730,Stewarts River
3731,Stockinbingal
3732,Stockrington
3733,Stockton
3734,Stockyard Creek
3735,Stokers Siding
3736,Stonehenge
3737,Stonequarry
3738,Stony Chute
3739,Stony Creek
3740,Stony Crossing
3741,Stotts Creek
3742,Stratford
3743,Strathcedar
3744,Stratheden
3745,Strathfield
3746,Strathfield South
3747,Stroud
3748,Stroud Hill
3749,Stroud Road
3750,Stuart Town
3751,Stuarts Point
3752,Stubbo
3753,Stud Park
3754,Suffolk Park
3755,Sugarloaf
3756,Summer Hill
3757,Summer Hill Creek
3758,Summer Island
3759,Summerland Point
3760,Sun Valley
3761,Sunny Corner
3762,Sunset Strip
3763,Sunshine
3764,Sunshine Bay
3765,Suntop
3766,Surf Beach
3767,Surfside
3768,Surry Hills
3769,Sussex Inlet
3770,Sutherland
3771,Sutton
3772,Sutton Forest
3773,Swan Bay
3774,Swan Creek
3775,Swan Vale
3776,Swanbrook
3777,Swanhaven
3778,Swans Crossing
3779,Swansea
3780,Swansea Heads
3781,Sweetmans Creek
3782,Sydenham
3783,Sydney
3784,Sydney Domestic Airport
3785,Sydney International Airport
3786,Sydney Olympic Park
3787,Sydney South
3788,Sydney University
3789,Sylvania
3790,Sylvania Southgate
3791,Sylvania Waters
3792,Tabbil Creek
3793,Tabbimoble
3794,Tabbita
3795,Table Top
3796,Tabulam
3797,Tacoma
3798,Tacoma South
3799,Tahlee
3800,Tahmoor
3801,Talarm
3802,Talawanta
3803,Talbingo
3804,Tallawang
3805,Tallimba
3806,Tallong
3807,Tallowal
3808,Tallowwood Ridge
3809,Tallwood
3810,Tallwoods Village
3811,Talmalmo
3812,Talofa
3813,Taloumbi
3814,Tamarama
3815,Tamban
3816,Tambar Springs
3817,Tambaroora
3818,Taminda
3819,Tamworth
3820,Tanglewood
3821,Tanilba Bay
3822,Tanja
3823,Tannabar
3824,Tannas Mount
3825,Tantangara
3826,Tantawangalo
3827,Tantonan
3828,Tapitallee
3829,Tara
3830,Taradale
3831,Tarago
3832,Taralga
3833,Tarana
3834,Tarban
3835,Tarbuck Bay
3836,Tarcutta
3837,Taree
3838,Taree Dc
3839,Taree South
3840,Taren Point
3841,Tarlo
3842,Tarraganda
3843,Tarrawanna
3844,Tarriaro
3845,Tarro
3846,Tascott
3847,Tatham
3848,Tathra
3849,Tatton
3850,Taylors Arm
3851,Taylors Beach
3852,Taylors Flat
3853,Tea Gardens
3854,Telarah
3855,Telegraph Point
3856,Telopea
3857,Temagog
3858,Temora
3859,Tempe
3860,Ten Mile Hollow
3861,Tenambit
3862,Tenandra
3863,Tennyson
3864,Tennyson Point
3865,Tenterden
3866,Tenterfield
3867,Teralba
3868,Terania Creek
3869,Terara
3870,Teridgerie
3871,Termeil
3872,Terrabella
3873,Terrace Creek
3874,Terragon
3875,Terramungamine
3876,Terranora
3877,Terreel
3878,Terrey Hills
3879,Terrigal
3880,Terry Hie Hie
3881,Teven
3882,Tewinga
3883,Thalgarrah
3884,Tharbogang
3885,Tharwa
3886,The Angle
3887,The Basin
3888,The Bight
3889,The Branch
3890,The Brothers
3891,The Channon
3892,The Devils Wilderness
3893,The Entrance
3894,The Entrance North
3895,The Freshwater
3896,The Gap
3897,The Glen
3898,The Gulf
3899,The Hatch
3900,The Hill
3901,The Junction
3902,The Lagoon
3903,The Marra
3904,The Meadows
3905,The Oaks
3906,The Pilliga
3907,The Pinnacles
3908,The Pocket
3909,The Ponds
3910,The Ridgeway
3911,The Risk
3912,The Rock
3913,The Rocks
3914,The Sandon
3915,The Slopes
3916,The University Of Sydney
3917,The Whiteman
3918,Theresa Creek
3919,Theresa Park
3920,Thirldene
3921,Thirlmere
3922,Thirroul
3923,Thora
3924,Thornleigh
3925,Thornton
3926,Thredbo
3927,Thrumster
3928,Thuddungra
3929,Thule
3930,Thumb Creek
3931,Thurgoona
3932,Thyra
3933,Tianjara
3934,Tibbuc
3935,Tibooburra
3936,Tichborne
3937,Tichular
3938,Tighes Hill
3939,Tilba Tilba
3940,Tilbuster
3941,Tilligerry Creek
3942,Tilpa
3943,Timbarra
3944,Timbillica
3945,Timbumburi
3946,Timor
3947,Tindarey
3948,Tinderry
3949,Tingha
3950,Tingira Heights
3951,Tinonee
3952,Tinpot
3953,Tintenbar
3954,Tintinhull
3955,Tiona
3956,Tipperary
3957,Tiri
3958,Tirrannaville
3959,Titaatee Creek
3960,Tocal
3961,Tocumwal
3962,Tolland
3963,Tolwong
3964,Tomago
3965,Tomakin
3966,Tomalla
3967,Tombong
3968,Tomboye
3969,Tomerong
3970,Tomewin
3971,Tomingley
3972,Tomki
3973,Toms Creek
3974,Tonderburine
3975,Tongarra
3976,Toogong
3977,Tooleybuc
3978,Toolijooa
3979,Tooloom
3980,Tooloon
3981,Tooma
3982,Toongabbie
3983,Toongabbie East
3984,Toongi
3985,Toonumbar
3986,Tooranie
3987,Tooraweenah
3988,Toormina
3989,Toorooka
3990,Toothdale
3991,Tootool
3992,Toowoon Bay
3993,Topi Topi
3994,Toronto
3995,Torrington
3996,Torryburn
3997,Totnes Valley
3998,Tottenham
3999,Touga
4000,Toukley
4001,Towallum
4002,Towamba
4003,Townsend
4004,Towradgi
4005,Towrang
4006,Tralee
4007,Trangie
4008,Tregeagle
4009,Tregear
4010,Trenayr
4011,Trentham Cliffs
4012,Trewilga
4013,Triamble
4014,Triangle Flat
4015,Trundle
4016,Trungley Hall
4017,Trunkey Creek
4018,Trustums Hill
4019,Tubbamurra
4020,Tubbul
4021,Tucabia
4022,Tucki Tucki
4023,Tuckombil
4024,Tuckurimba
4025,Tuena
4026,Tuggerah
4027,Tuggerawong
4028,Tugrabakh
4029,Tullakool
4030,Tullamore
4031,Tullarwalla
4032,Tullera
4033,Tullibigeal
4034,Tullimbar
4035,Tulloona
4036,Tullymorgan
4037,Tumbarumba
4038,Tumbi Umbi
4039,Tumblong
4040,Tumbulgum
4041,Tumorrama
4042,Tumut
4043,Tumut Plains
4044,Tuncester
4045,Tuncurry
4046,Tunglebung
4047,Tuntable Creek
4048,Tuppal
4049,Tura Beach
4050,Turill
4051,Turlinjah
4052,Turners Flat
4053,Turondale
4054,Tuross
4055,Tuross Head
4056,Turramurra
4057,Turrawan
4058,Turrella
4059,Turvey Park
4060,Tweed Heads
4061,Tweed Heads South
4062,Tweed Heads South Dc
4063,Tweed Heads West
4064,Twelve Mile
4065,Twelve Mile Creek
4066,Twelve Mile Peg
4067,Twenty Forests
4068,Twin Rivers
4069,Two Mile Flat
4070,Tyagarah
4071,Tyalgum
4072,Tyalgum Creek
4073,Tygalgah
4074,Tyndale
4075,Tyringham
4076,Uarbry
4077,Uki
4078,Ulamambri
4079,Ulan
4080,Ulladulla
4081,Ullamalla
4082,Ulmarra
4083,Ulong
4084,Ultimo
4085,Umina Beach
4086,Unanderra
4087,Underbank
4088,Ungarie
4089,Unumgar
4090,Upper Allyn
4091,Upper Bingara
4092,Upper Burringbar
4093,Upper Bylong
4094,Upper Colo
4095,Upper Coopers Creek
4096,Upper Copmanhurst
4097,Upper Corindi
4098,Upper Crystal Creek
4099,Upper Dartbrook
4100,Upper Duck Creek
4101,Upper Duroby
4102,Upper Eden Creek
4103,Upper Fine Flower
4104,Upper Growee
4105,Upper Horseshoe Creek
4106,Upper Horton
4107,Upper Kangaroo River
4108,Upper Kangaroo Valley
4109,Upper Karuah River
4110,Upper Lansdowne
4111,Upper Macdonald
4112,Upper Main Arm
4113,Upper Mangrove
4114,Upper Manilla
4115,Upper Mongogarie
4116,Upper Myall
4117,Upper Nile
4118,Upper Orara
4119,Upper Pappinbarra
4120,Upper Rollands Plains
4121,Upper Rouchel
4122,Upper Taylors Arm
4123,Upper Tooloom
4124,Upper Turon
4125,Upper Wilsons Creek
4126,Upsalls Creek
4127,Uralba
4128,Uralla
4129,Urana
4130,Urangeline
4131,Urangeline East
4132,Uranquinty
4133,Urawilkie
4134,Urbenville
4135,Urila
4136,Urliup
4137,Urunga
4138,Utungun
4139,Vacy
4140,Vale Of Clwydd
4141,Valentine
4142,Valery
4143,Valla
4144,Valla Beach
4145,Valley Heights
4146,Varroville
4147,Vaucluse
4148,Verges Creek
4149,Verona
4150,Villawood
4151,Vincentia
4152,Vineyard
4153,Violet Hill
4154,Vittoria
4155,Voyager Point
4156,Wadalba
4157,Wadbilliga
4158,Wadeville
4159,Wagga Wagga
4160,Wagga Wagga Bc
4161,Wagga Wagga Raaf
4162,Wagstaffe
4163,Wahroonga
4164,Waitara
4165,Waitui
4166,Wakefield
4167,Wakeley
4168,Wakool
4169,Walang
4170,Walbundrie
4171,Walcha
4172,Walcha Road
4173,Waldegrave
4174,Walgett
4175,Walla Walla
4176,Wallabadah
4177,Wallabi Point
4178,Wallacetown
4179,Wallacia
4180,Wallaga Lake
4181,Wallagoot
4182,Wallalong
4183,Wallamore
4184,Wallanbah
4185,Wallangra
4186,Wallanthery
4187,Wallarah
4188,Wallaringa
4189,Wallarobba
4190,Wallendbeen
4191,Wallerawang
4192,Walleroobie
4193,Wallingat
4194,Wallis Lake
4195,Wallsend
4196,Wallsend Dc
4197,Wallsend South
4198,Walmer
4199,Wamban
4200,Wambangalang
4201,Wamberal
4202,Wamboin
4203,Wambool
4204,Wambrook
4205,Wanaaring
4206,Wandandian
4207,Wandella
4208,Wandera
4209,Wandook
4210,Wandsworth
4211,Wang Wauk
4212,Wanganella
4213,Wanganui
4214,Wangi Wangi
4215,Wantabadgery
4216,Wantagong
4217,Wantiool
4218,Wapengo
4219,Warabrook
4220,Waratah
4221,Waratah West
4222,Warburn
4223,Wardell
4224,Wardrop Valley
4225,Wards Mistake
4226,Wards River
4227,Wareemba
4228,Warialda
4229,Warialda Rail
4230,Warilla
4231,Warkworth
4232,Warners Bay
4233,Warnervale
4234,Warrabah
4235,Warraderry
4236,Warragai Creek
4237,Warragamba
4238,Warragoon
4239,Warrah
4240,Warrah Creek
4241,Warrah Ridge
4242,Warral
4243,Warranulla
4244,Warrawee
4245,Warrawidgee
4246,Warrawong
4247,Warrazambil Creek
4248,Warregah Island
4249,Warrell Creek
4250,Warren
4251,Warri
4252,Warriewood
4253,Warriewood Dc
4254,Warriewood Shopping Square
4255,Warrimoo
4256,Warringah Mall
4257,Warriwillah
4258,Warroo
4259,Warrumbungle
4260,Warwick Farm
4261,Washpool
4262,Watagan
4263,Watanobbi
4264,Waterfall
4265,Waterloo
4266,Waterloo Dc
4267,Watersleigh
4268,Waterview
4269,Waterview Heights
4270,Watsons Bay
4271,Watsons Creek
4272,Wattamolla
4273,Wattamondara
4274,Wattle Flat
4275,Wattle Grove
4276,Wattle Ponds
4277,Wattle Ridge
4278,Wattle Springs
4279,Watton
4280,Wauchope
4281,Waugorah
4282,Waukivory
4283,Waverley
4284,Waverly
4285,Waverton
4286,Way Way
4287,Wayo
4288,Weabonga
4289,Wean
4290,Webbers Creek
4291,Webbs Creek
4292,Wedderburn
4293,Wee Jasper
4294,Wee Waa
4295,Weedallion
4296,Weemelah
4297,Weetaliba
4298,Weethalle
4299,Weilmoringle
4300,Weismantels
4301,Welaregang
4302,Welby
4303,Wellingrove
4304,Wellington
4305,Wellington Vale
4306,Wells Crossing
4307,Wendoree Park
4308,Wentworth
4309,Wentworth Falls
4310,Wentworth Point
4311,Wentworthville
4312,Werai
4313,Wereboldera
4314,Wermatong
4315,Werombi
4316,Werri Beach
4317,Werrikimbe
4318,Werrington
4319,Werrington County
4320,Werrington Downs
4321,Werris Creek
4322,West Albury
4323,West Armidale
4324,West Ballina
4325,West Bathurst
4326,West Bungawalbin
4327,West Coraki
4328,West Gosford
4329,West Haven
4330,West Hoxton
4331,West Kempsey
4332,West Nowra
4333,West Pennant Hills
4334,West Pymble
4335,West Ryde
4336,West Tamworth
4337,West Wallsend
4338,West Wiangaree
4339,West Wollongong
4340,West Wyalong
4341,Westbrook
4342,Westdale
4343,Westgate
4344,Westleigh
4345,Westmead
4346,Weston
4347,Westwood
4348,Wetherill Park
4349,Wetherill Park Bc
4350,Wetuppa
4351,Whalan
4352,Whale Beach
4353,Wheeler Heights
4354,Wheeny Creek
4355,Wheeo
4356,Wherrol Flat
4357,Whian Whian
4358,Whiporie
4359,White Cliffs
4360,White Rock
4361,Whitebridge
4362,Whiteman Creek
4363,Whittingham
4364,Whitton
4365,Whoota
4366,Wiagdon
4367,Wiangaree
4368,Wiarborough
4369,Wickham
4370,Widden
4371,Widgelli
4372,Wilberforce
4373,Wilbetree
4374,Wilcannia
4375,Wild Cattle Creek
4376,Wildes Meadow
4377,Wiley Park
4378,Willala
4379,Willawarrin
4380,Willbriggie
4381,Willi Willi
4382,Williamsdale
4383,Williamtown
4384,Willigobung
4385,Willina
4386,Willmot
4387,Willoughby
4388,Willoughby East
4389,Willoughby North
4390,Willow Tree
4391,Willow Vale
4392,Willsons Downfall
4393,Willurah
4394,Wilpinjong
4395,Wilsons Creek
4396,Wilton
4397,Wimbledon
4398,Wimborne
4399,Winburndale
4400,Windale
4401,Windang
4402,Windella
4403,Windellama
4404,Windera
4405,Windermere
4406,Windermere Park
4407,Windeyer
4408,Windowie
4409,Windradyne
4410,Windsor
4411,Windsor Downs
4412,Windy
4413,Winegrove
4414,Wingadee
4415,Wingello
4416,Wingen
4417,Wingham
4418,Winifred
4419,Winmalee
4420,Winston Hills
4421,Winton
4422,Wirlinga
4423,Wirraba
4424,Wirragulla
4425,Wirrimah
4426,Wirrimbi
4427,Wirrinya
4428,Wisemans Creek
4429,Wisemans Ferry
4430,Wittitrin
4431,Wog Wog
4432,Woko
4433,Wolgan Valley
4434,Wollangambe
4435,Wollar
4436,Wollemi
4437,Wolli Creek
4438,Wollogorang
4439,Wollombi
4440,Wollomombi
4441,Wollongbar
4442,Wollongong
4443,Wollongong Dc
4444,Wollongong West
4445,Wollstonecraft
4446,Wollumboola
4447,Wollun
4448,Wolumla
4449,Wombarra
4450,Wombat
4451,Wombat Creek
4452,Wombeyan Caves
4453,Womboota
4454,Womerah
4455,Wonboyn
4456,Wonboyn North
4457,Wondabyne
4458,Wondalga
4459,Wongarbon
4460,Wongawilli
4461,Wongo Creek
4462,Wongwibinda
4463,Woodberry
4464,Woodbine
4465,Woodburn
4466,Woodcroft
4467,Woodenbong
4468,Woodford
4469,Woodford Island
4470,Woodhill
4471,Woodhouselee
4472,Woodlands
4473,Woodlawn
4474,Woodpark
4475,Woodrising
4476,Woodside
4477,Woodsreef
4478,Woodstock
4479,Woodview
4480,Woodville
4481,Woody Head
4482,Woolbrook
4483,Woolgarlo
4484,Woolgoolga
4485,Wooli
4486,Woollahra
4487,Woollamia
4488,Woolloomooloo
4489,Woolners Arm
4490,Woolomin
4491,Woolooma
4492,Woolooware
4493,Wooloweyah
4494,Woolwich
4495,Woomargama
4496,Woombah
4497,Woongarrah
4498,Woonona
4499,Woonona East
4500,Wootton
4501,Wooyung
4502,Worlds End
4503,Woronora
4504,Woronora Dam
4505,Woronora Heights
4506,Worrigee
4507,Worrowing Heights
4508,Woy Woy
4509,Woy Woy Bay
4510,Wrathall
4511,Wreck Bay
4512,Wrights Beach
4513,Wrights Creek
4514,Wuuluman
4515,Wyalong
4516,Wyan
4517,Wyanbene
4518,Wyangala
4519,Wyangle
4520,Wybong
4521,Wybung
4522,Wyee
4523,Wyee Point
4524,Wylie Creek
4525,Wylies Flat
4526,Wymah
4527,Wyndham
4528,Wyneden
4529,Wyoming
4530,Wyong
4531,Wyong Creek
4532,Wyongah
4533,Wyrallah
4534,Yabbra
4535,Yadboro
4536,Yagon
4537,Yagoona
4538,Yagoona West
4539,Yalbraith
4540,Yallah
4541,Yallaroi
4542,Yalwal
4543,Yamba
4544,Yambulla
4545,Yanco
4546,Yanderra
4547,Yanga
4548,Yankees Creek
4549,Yannergee
4550,Yantabulla
4551,Yaouk
4552,Yarara
4553,Yarra
4554,Yarrabandai
4555,Yarrabin
4556,Yarragal
4557,Yarragrin
4558,Yarragundry
4559,Yarrahapinni
4560,Yarramalong
4561,Yarraman
4562,Yarramundi
4563,Yarranbella
4564,Yarrangobilly
4565,Yarras
4566,Yarratt Forest
4567,Yarravel
4568,Yarrawa
4569,Yarrawarrah
4570,Yarrawonga
4571,Yarrawonga Park
4572,Yarrie Lake
4573,Yarrow
4574,Yarrowford
4575,Yarrowitch
4576,Yarrowyck
4577,Yass
4578,Yass River
4579,Yathella
4580,Yattalunga
4581,Yatte Yattah
4582,Yaven Creek
4583,Yelgun
4584,Yellow Dam
4585,Yellow Pinch
4586,Yellow Rock
4587,Yenda
4588,Yengo National Park
4589,Yennora
4590,Yeoval
4591,Yerong Creek
4592,Yerrinbool
4593,Yerriyong
4594,Yessabah
4595,Yetholme
4596,Yetman
4597,Yippin Creek
4598,Yoogali
4599,Yorklea
4600,Young
4601,Yowie Bay
4602,Yowrie
4603,Yullundry
4604,Yuraygir
4605,Zara
4606,Zetland
